{"stats":{"minecraft:used":{"tombstone:gift":2},"minecraft:mined":{"minecraft:hay_block":2,"minecraft:grass":1,"minecraft:oak_log":5,"minecraft:brown_mushroom":1,"minecraft:spruce_leaves":1},"minecraft:killed_by":{"minecraft:skeleton":1},"minecraft:picked_up":{"minecraft:cooked_beef":1,"minecraft:stone_sword":1,"minecraft:bow":1,"minecraft:brown_mushroom":1,"minecraft:hay_block":2,"minecraft:cooked_chicken":1,"minecraft:stone_pickaxe":1,"minecraft:oak_log":5},"minecraft:dropped":{"minecraft:brown_mushroom":1,"alexsmobs:animal_dictionary":1,"tombstone:grave_key":1},"minecraft:custom":{"minecraft:time_since_rest":3880,"minecraft:crouch_one_cm":49,"minecraft:deaths":1,"minecraft:play_time":13697,"minecraft:sprint_one_cm":42854,"minecraft:damage_taken":255,"minecraft:walk_one_cm":37091,"minecraft:sneak_time":3,"minecraft:walk_under_water_one_cm":563,"minecraft:drop":3,"minecraft:leave_game":1,"minecraft:jump":350,"minecraft:eat_cake_slice":2,"minecraft:damage_dealt":80,"minecraft:time_since_death":4361,"minecraft:walk_on_water_one_cm":4387,"minecraft:total_world_time":13697,"minecraft:climb_one_cm":369,"minecraft:swim_one_cm":1460,"minecraft:fall_one_cm":11427,"minecraft:fly_one_cm":81132},"minecraft:crafted":{"minecraft:oak_planks":12}},"DataVersion":3465}