{"stats":{"minecraft:killed":{"luminousworld:frostbitten_zombie":3,"minecraft:zombie":1,"earthmobsmod:fancy_chicken":1,"minecraft:cow":2},"minecraft:used":{"minecraft:wooden_axe":25,"minecraft:bread":14,"minecraft:stone_pickaxe":14,"minecraft:wooden_pickaxe":18,"minecraft:hay_block":1,"minecraft:crafting_table":3,"tombstone:gift":1},"minecraft:mined":{"minecraft:hay_block":11,"luminousworld:grassvariant_4":1,"minecraft:wheat":48,"minecraft:crafting_table":2,"minecraft:grass":3,"minecraft:oak_log":13,"minecraft:dirt":1,"luminousworld:grassvariant_3":1,"minecraft:tall_grass":3,"luminousworld:blackberrybush":1,"minecraft:stone":31,"minecraft:oak_leaves":15},"minecraft:killed_by":{"iceandfire:gorgon":1},"minecraft:picked_up":{"minecraft:crafting_table":2,"minecraft:wheat":39,"minecraft:chicken":1,"minecraft:leather":1,"minecraft:oak_log":13,"tombstone:grave_dust":2,"minecraft:dirt":1,"minecraft:wheat_seeds":109,"minecraft:hay_block":11,"minecraft:beef":4,"earthmobsmod:fancy_feather":1,"minecraft:oak_sapling":1,"minecraft:cobblestone":30},"minecraft:custom":{"minecraft:time_since_rest":2560,"minecraft:sprint_one_cm":122635,"minecraft:damage_taken":2147483647,"minecraft:walk_one_cm":38937,"minecraft:mob_kills":7,"minecraft:damage_dealt":1515,"minecraft:swim_one_cm":7053,"minecraft:interact_with_crafting_table":5,"minecraft:fly_one_cm":234696,"minecraft:open_barrel":3,"minecraft:open_chest":1,"minecraft:crouch_one_cm":1486,"minecraft:play_time":26335,"tombstone:undead_killed":4,"minecraft:deaths":1,"minecraft:sneak_time":726,"minecraft:walk_under_water_one_cm":3067,"minecraft:jump":982,"minecraft:walk_on_water_one_cm":3762,"minecraft:time_since_death":2879,"minecraft:total_world_time":26335,"minecraft:climb_one_cm":1365,"minecraft:fall_one_cm":26856},"minecraft:crafted":{"minecraft:oak_planks":52,"minecraft:crafting_table":2,"minecraft:stick":8,"minecraft:stone_pickaxe":1,"minecraft:wooden_pickaxe":1,"minecraft:wooden_axe":1,"minecraft:bread":15,"minecraft:wheat":45}},"DataVersion":3465}