{"stats":{"minecraft:used":{"minecraft:stone_pickaxe":116,"minecraft:wooden_pickaxe":18,"minecraft:dirt":2,"minecraft:crafting_table":4,"minecraft:wooden_axe":25,"minecraft:bread":14,"minecraft:stone_axe":78,"minecraft:hay_block":1,"minecraft:furnace":1,"tombstone:gift":1,"minecraft:cooked_beef":3,"minecraft:experience_bottle":1},"minecraft:killed":{"luminousworld:frostbitten_zombie":3,"minecraft:sheep":1,"minecraft:zombie":1,"iceandfire:ghost":1,"earthmobsmod:fancy_chicken":1,"earthmobsmod:albino_cow":11,"minecraft:cow":6},"minecraft:mined":{"minecraft:stone_pressure_plate":1,"minecraft:white_bed":2,"iceandfire:silver_ore":4,"luminousworld:grassvariant_4":1,"minecraft:smoker":1,"minecraft:oak_fence":1,"minecraft:crafting_table":4,"minecraft:granite":17,"minecraft:grass_block":2,"minecraft:tall_grass":9,"luminousworld:blackberrybush":1,"minecraft:hay_block":29,"minecraft:furnace":6,"luminousworld:yellow_grassflowers":1,"minecraft:iron_ore":3,"minecraft:wheat":48,"minecraft:pumpkin":7,"minecraft:grass":8,"minecraft:oak_log":43,"minecraft:vine":1,"minecraft:dirt":1,"luminousworld:grassvariant_3":1,"minecraft:stone":98,"minecraft:oak_leaves":15},"minecraft:killed_by":{"iceandfire:gorgon":1},"minecraft:picked_up":{"minecraft:crafting_table":4,"minecraft:wheat":39,"minecraft:chicken":1,"minecraft:leather":16,"minecraft:smoker":1,"minecraft:oak_log":43,"minecraft:gunpowder":2,"minecraft:dirt":2,"minecraft:experience_bottle":1,"minecraft:wheat_seeds":111,"earthmobsmod:fancy_feather":1,"minecraft:beef":33,"minecraft:furnace":6,"minecraft:raw_iron":3,"minecraft:pumpkin":7,"minecraft:oak_fence":1,"tombstone:grave_dust":2,"minecraft:white_bed":2,"minecraft:stone_pressure_plate":1,"luminousworld:yellow_grassflowers":1,"minecraft:hay_block":29,"minecraft:granite":17,"minecraft:oak_sapling":1,"iceandfire:raw_silver":4,"minecraft:mutton":1,"minecraft:white_wool":1,"minecraft:cobblestone":92},"minecraft:custom":{"minecraft:interact_with_furnace":4,"minecraft:mob_kills":25,"minecraft:interact_with_crafting_table":8,"minecraft:open_barrel":4,"minecraft:time_since_death":20879,"minecraft:climb_one_cm":3146,"minecraft:time_since_rest":20560,"minecraft:sprint_one_cm":202889,"minecraft:damage_taken":2147483647,"minecraft:walk_one_cm":69645,"minecraft:trigger_trapped_chest":4,"minecraft:damage_dealt":3619,"minecraft:swim_one_cm":22007,"minecraft:fly_one_cm":345226,"minecraft:open_chest":4,"minecraft:crouch_one_cm":3465,"minecraft:play_time":44335,"tombstone:undead_killed":5,"minecraft:deaths":1,"minecraft:sneak_time":2042,"minecraft:walk_under_water_one_cm":9484,"minecraft:jump":1427,"minecraft:walk_on_water_one_cm":5902,"minecraft:total_world_time":44335,"minecraft:fall_one_cm":40048},"minecraft:crafted":{"minecraft:cooked_beef":4,"minecraft:oak_planks":52,"minecraft:stone_shovel":1,"minecraft:crafting_table":2,"minecraft:wooden_pickaxe":1,"minecraft:furnace":1,"minecraft:stone_axe":1,"minecraft:bread":69,"minecraft:air":0,"minecraft:stick":16,"minecraft:stone_pickaxe":1,"minecraft:wooden_axe":1,"minecraft:stone_sword":1,"minecraft:wheat":207}},"DataVersion":3465}