{"stats":{"minecraft:killed":{"minecraft:cow":2,"earthmobsmod:fancy_chicken":1},"minecraft:used":{"minecraft:wooden_axe":4,"minecraft:crafting_table":2,"minecraft:bread":6},"minecraft:mined":{"minecraft:grass":3,"minecraft:hay_block":11,"minecraft:oak_log":8,"luminousworld:grassvariant_3":1,"minecraft:wheat":48,"minecraft:tall_grass":1,"minecraft:crafting_table":2,"minecraft:oak_leaves":15},"minecraft:picked_up":{"minecraft:crafting_table":2,"minecraft:wheat":39,"minecraft:chicken":1,"minecraft:leather":1,"minecraft:wheat_seeds":108,"earthmobsmod:fancy_feather":1,"minecraft:hay_block":11,"minecraft:beef":4,"minecraft:oak_log":8,"minecraft:oak_sapling":1},"minecraft:custom":{"minecraft:time_since_rest":14335,"minecraft:crouch_one_cm":714,"minecraft:play_time":14335,"minecraft:sprint_one_cm":65500,"minecraft:damage_taken":170,"minecraft:walk_one_cm":19281,"minecraft:sneak_time":242,"minecraft:walk_under_water_one_cm":3067,"minecraft:mob_kills":3,"minecraft:jump":368,"minecraft:damage_dealt":386,"minecraft:time_since_death":14335,"minecraft:walk_on_water_one_cm":3762,"minecraft:climb_one_cm":682,"minecraft:total_world_time":14335,"minecraft:swim_one_cm":7053,"minecraft:interact_with_crafting_table":3,"minecraft:fall_one_cm":13250,"minecraft:fly_one_cm":89898},"minecraft:crafted":{"minecraft:oak_planks":32,"minecraft:crafting_table":1,"minecraft:stick":4,"minecraft:bread":15,"minecraft:wheat":45,"minecraft:wooden_axe":1}},"DataVersion":3465}