{"stats":{"minecraft:mined":{"minecraft:oak_log":1},"minecraft:picked_up":{"minecraft:oak_log":1},"minecraft:custom":{"minecraft:jump":9,"minecraft:time_since_rest":2335,"minecraft:damage_dealt":119,"minecraft:crouch_one_cm":54,"minecraft:sprint_one_cm":543,"minecraft:play_time":2335,"minecraft:damage_taken":55,"minecraft:time_since_death":2335,"minecraft:walk_one_cm":5411,"minecraft:sneak_time":44,"minecraft:total_world_time":2335,"minecraft:fall_one_cm":733,"minecraft:fly_one_cm":97}},"DataVersion":3465}