{"stats":{"minecraft:used":{"minecraft:wooden_axe":25,"minecraft:bread":14,"minecraft:stone_pickaxe":81,"minecraft:wooden_pickaxe":18,"minecraft:stone_axe":37,"minecraft:dirt":2,"minecraft:hay_block":1,"minecraft:crafting_table":4,"minecraft:furnace":1,"tombstone:gift":1,"minecraft:cooked_beef":2},"minecraft:killed":{"minecraft:sheep":1,"luminousworld:frostbitten_zombie":3,"minecraft:zombie":1,"iceandfire:ghost":1,"earthmobsmod:fancy_chicken":1,"earthmobsmod:albino_cow":11,"minecraft:cow":2},"minecraft:mined":{"minecraft:hay_block":11,"luminousworld:yellow_grassflowers":1,"minecraft:furnace":1,"luminousworld:grassvariant_4":1,"minecraft:wheat":48,"minecraft:pumpkin":7,"minecraft:crafting_table":4,"minecraft:granite":17,"minecraft:grass":5,"minecraft:grass_block":2,"minecraft:oak_log":13,"minecraft:vine":1,"minecraft:dirt":1,"luminousworld:grassvariant_3":1,"minecraft:tall_grass":7,"luminousworld:blackberrybush":1,"minecraft:stone":80,"minecraft:oak_leaves":15},"minecraft:killed_by":{"iceandfire:gorgon":1},"minecraft:picked_up":{"minecraft:crafting_table":4,"minecraft:wheat":39,"minecraft:chicken":1,"minecraft:pumpkin":7,"minecraft:leather":13,"minecraft:oak_log":13,"tombstone:grave_dust":2,"minecraft:dirt":2,"luminousworld:yellow_grassflowers":1,"minecraft:wheat_seeds":110,"minecraft:granite":17,"minecraft:hay_block":11,"minecraft:beef":26,"earthmobsmod:fancy_feather":1,"minecraft:oak_sapling":1,"minecraft:mutton":1,"minecraft:white_wool":1,"minecraft:cobblestone":75,"minecraft:furnace":1},"minecraft:custom":{"minecraft:time_since_rest":14560,"minecraft:interact_with_furnace":4,"minecraft:sprint_one_cm":175928,"minecraft:damage_taken":2147483647,"minecraft:walk_one_cm":52041,"minecraft:trigger_trapped_chest":4,"minecraft:mob_kills":20,"minecraft:damage_dealt":3129,"minecraft:swim_one_cm":21494,"minecraft:interact_with_crafting_table":7,"minecraft:fly_one_cm":321764,"minecraft:open_barrel":3,"minecraft:open_chest":3,"minecraft:crouch_one_cm":2914,"minecraft:play_time":38335,"tombstone:undead_killed":5,"minecraft:deaths":1,"minecraft:sneak_time":1735,"minecraft:walk_under_water_one_cm":8874,"minecraft:jump":1325,"minecraft:walk_on_water_one_cm":5824,"minecraft:time_since_death":14879,"minecraft:total_world_time":38335,"minecraft:climb_one_cm":3146,"minecraft:fall_one_cm":36750},"minecraft:crafted":{"minecraft:cooked_beef":4,"minecraft:oak_planks":52,"minecraft:stone_shovel":1,"minecraft:crafting_table":2,"minecraft:stick":16,"minecraft:stone_sword":1,"minecraft:stone_pickaxe":1,"minecraft:wooden_pickaxe":1,"minecraft:wooden_axe":1,"minecraft:furnace":1,"minecraft:stone_axe":1,"minecraft:air":0,"minecraft:bread":15,"minecraft:wheat":45}},"DataVersion":3465}