{"stats":{"minecraft:used":{"minecraft:iron_bars":2,"minecraft:bread":4,"minecraft:stone_pickaxe":85,"minecraft:iron_helmet":1,"minecraft:wooden_pickaxe":8,"minecraft:iron_boots":1,"minecraft:iron_chestplate":1,"minecraft:salmon":1,"minecraft:torch":1,"minecraft:dirt":1,"minecraft:crafting_table":3,"minecraft:cod":3,"minecraft:iron_leggings":1},"minecraft:killed":{"minecraft:sheep":2,"minecraft:pig":1,"earthmobsmod:albino_cow":1,"minecraft:cow":2,"born_in_chaos_v1:decrepit_skeleton":1},"minecraft:mined":{"minecraft:hay_block":11,"minecraft:white_bed":1,"luminousworld:grassvariant_4":1,"minecraft:birch_log":5,"minecraft:birch_leaves":1,"minecraft:smooth_stone_slab":1,"minecraft:oak_fence":1,"minecraft:crafting_table":1,"minecraft:torch":1,"minecraft:grass":6,"minecraft:grass_block":1,"minecraft:iron_bars":2,"luminousworld:grassvariant_2":1,"minecraft:tall_grass":7,"minecraft:stone":8},"minecraft:picked_up":{"minecraft:birch_log":5,"minecraft:crafting_table":1,"minecraft:oak_fence":1,"minecraft:leather":4,"minecraft:torch":1,"minecraft:porkchop":1,"minecraft:white_bed":1,"minecraft:dirt":1,"minecraft:bone":2,"minecraft:bow":1,"minecraft:wheat_seeds":4,"minecraft:hay_block":10,"minecraft:iron_helmet":1,"minecraft:beef":7,"minecraft:mutton":3,"minecraft:iron_bars":2,"minecraft:white_wool":2,"minecraft:cobblestone":7},"minecraft:broken":{"minecraft:stone_pickaxe":1},"minecraft:dropped":{"minecraft:wheat_seeds":1,"minecraft:wooden_pickaxe":1},"minecraft:custom":{"minecraft:time_since_rest":13150,"minecraft:sprint_one_cm":51676,"minecraft:damage_taken":227,"minecraft:walk_one_cm":79844,"minecraft:mob_kills":7,"minecraft:drop":2,"minecraft:damage_dealt":748,"minecraft:talked_to_villager":4,"minecraft:interact_with_crafting_table":4,"minecraft:fly_one_cm":19863,"minecraft:open_barrel":2,"minecraft:open_chest":9,"minecraft:play_time":13150,"tombstone:undead_killed":1,"minecraft:sneak_time":2,"minecraft:walk_under_water_one_cm":665,"minecraft:jump":136,"minecraft:time_since_death":13150,"minecraft:walk_on_water_one_cm":877,"minecraft:total_world_time":13150,"minecraft:interact_with_smoker":1,"minecraft:fall_one_cm":4222},"minecraft:crafted":{"minecraft:crafting_table":2,"minecraft:stick":8,"minecraft:wooden_pickaxe":1,"minecraft:stone_pickaxe":2,"minecraft:birch_planks":20}},"DataVersion":3465}