{"stats":{"minecraft:killed":{"minecraft:pig":1,"born_in_chaos_v1:decrepit_skeleton":1,"minecraft:sheep":2,"minecraft:skeleton":1,"earthmobsmod:albino_cow":1,"minecraft:cow":2},"minecraft:used":{"minecraft:iron_bars":2,"minecraft:stone_sword":14,"minecraft:birch_planks":5,"minecraft:stone_pickaxe":106,"minecraft:oak_planks":1,"minecraft:wooden_pickaxe":8,"minecraft:iron_chestplate":1,"minecraft:salmon":1,"minecraft:torch":1,"minecraft:dirt":2,"minecraft:crafting_table":4,"minecraft:carrot":5,"minecraft:cod":3,"minecraft:bread":4,"minecraft:iron_helmet":1,"minecraft:iron_boots":1,"minecraft:iron_leggings":1},"minecraft:mined":{"minecraft:white_bed":1,"luminousworld:grassvariant_4":1,"minecraft:oak_fence":1,"minecraft:crafting_table":2,"minecraft:torch":1,"minecraft:granite":3,"minecraft:grass_block":2,"luminousworld:grassvariant_2":1,"minecraft:tall_grass":7,"minecraft:hay_block":11,"minecraft:carrots":6,"minecraft:birch_log":5,"minecraft:birch_leaves":1,"minecraft:smooth_stone_slab":1,"minecraft:grass":6,"minecraft:oak_log":4,"minecraft:coal_ore":11,"minecraft:iron_bars":2,"minecraft:stone":13},"minecraft:picked_up":{"minecraft:birch_log":5,"minecraft:crafting_table":2,"minecraft:leather":4,"minecraft:oak_log":4,"minecraft:dirt":2,"minecraft:bone":2,"minecraft:bow":1,"minecraft:wheat_seeds":5,"minecraft:beef":7,"minecraft:oak_fence":1,"minecraft:torch":1,"minecraft:porkchop":1,"minecraft:white_bed":1,"minecraft:carrot":20,"minecraft:arrow":1,"minecraft:iron_helmet":1,"minecraft:hay_block":10,"minecraft:granite":3,"minecraft:mutton":3,"minecraft:iron_bars":2,"minecraft:coal":11,"minecraft:white_wool":2,"minecraft:cobblestone":12},"minecraft:broken":{"minecraft:stone_pickaxe":1},"minecraft:dropped":{"minecraft:wheat_seeds":6,"minecraft:wooden_pickaxe":1},"minecraft:custom":{"minecraft:mob_kills":8,"minecraft:interact_with_crafting_table":6,"minecraft:open_barrel":2,"minecraft:time_since_death":25150,"minecraft:time_since_rest":25150,"minecraft:sprint_one_cm":77149,"minecraft:damage_taken":310,"minecraft:walk_one_cm":94537,"minecraft:drop":7,"minecraft:damage_dealt":978,"minecraft:talked_to_villager":5,"minecraft:fly_one_cm":30846,"minecraft:open_chest":9,"minecraft:play_time":25150,"tombstone:undead_killed":2,"minecraft:sneak_time":2,"minecraft:walk_under_water_one_cm":665,"minecraft:jump":209,"minecraft:walk_on_water_one_cm":877,"minecraft:interact_with_smoker":1,"minecraft:total_world_time":25150,"minecraft:fall_one_cm":5764},"minecraft:crafted":{"minecraft:oak_planks":16,"minecraft:crafting_table":3,"minecraft:wooden_pickaxe":1,"minecraft:birch_planks":20,"minecraft:stick":12,"minecraft:stone_pickaxe":2,"minecraft:stone_sword":1}},"DataVersion":3465}