{"stats":{"minecraft:killed":{"minecraft:pig":1,"born_in_chaos_v1:decrepit_skeleton":1,"minecraft:sheep":2,"minecraft:skeleton":1,"earthmobsmod:albino_cow":1,"minecraft:cow":2},"minecraft:mined":{"minecraft:white_bed":1,"luminousworld:grassvariant_4":1,"minecraft:oak_fence":1,"minecraft:crafting_table":2,"minecraft:torch":1,"minecraft:granite":27,"minecraft:grass_block":4,"luminousworld:grassvariant_2":1,"minecraft:tall_grass":7,"minecraft:wall_torch":1,"minecraft:hay_block":11,"minecraft:birch_planks":1,"minecraft:furnace":1,"minecraft:carrots":6,"minecraft:birch_log":5,"minecraft:andesite":4,"minecraft:birch_leaves":1,"minecraft:smooth_stone_slab":1,"minecraft:grass":6,"minecraft:oak_log":4,"minecraft:coal_ore":11,"minecraft:iron_bars":2,"minecraft:dirt":3,"minecraft:stone":35,"minecraft:deepslate":51},"minecraft:used":{"minecraft:iron_bars":2,"minecraft:stone_sword":17,"minecraft:birch_planks":6,"minecraft:stone_pickaxe":212,"minecraft:oak_planks":3,"minecraft:wooden_pickaxe":8,"minecraft:iron_chestplate":1,"minecraft:salmon":1,"minecraft:torch":10,"minecraft:dirt":3,"minecraft:crafting_table":5,"minecraft:carrot":15,"minecraft:cod":3,"minecraft:granite":16,"minecraft:bread":4,"minecraft:iron_helmet":1,"minecraft:iron_boots":1,"minecraft:cobblestone":4,"minecraft:furnace":1,"minecraft:iron_leggings":1},"minecraft:crafted":{"minecraft:oak_planks":16,"minecraft:crafting_table":3,"minecraft:wooden_pickaxe":1,"minecraft:furnace":1,"minecraft:birch_planks":20,"minecraft:cooked_mutton":1,"minecraft:air":0,"minecraft:stick":12,"minecraft:stone_pickaxe":2,"minecraft:stone_sword":1,"minecraft:torch":20},"minecraft:custom":{"minecraft:interact_with_furnace":2,"minecraft:mob_kills":8,"minecraft:interact_with_crafting_table":7,"minecraft:open_barrel":2,"minecraft:leave_game":1,"minecraft:time_since_death":8203,"minecraft:time_since_rest":7027,"minecraft:sprint_one_cm":95679,"minecraft:damage_taken":1029,"minecraft:walk_one_cm":119041,"minecraft:drop":7,"minecraft:damage_dealt":1016,"minecraft:talked_to_villager":5,"minecraft:fly_one_cm":42449,"minecraft:open_chest":9,"minecraft:play_time":47176,"tombstone:undead_killed":2,"minecraft:deaths":2,"minecraft:sneak_time":31,"minecraft:walk_under_water_one_cm":4189,"minecraft:jump":305,"minecraft:walk_on_water_one_cm":4406,"minecraft:interact_with_smoker":1,"minecraft:total_world_time":47176,"minecraft:fall_one_cm":15847},"minecraft:broken":{"minecraft:stone_pickaxe":2},"minecraft:picked_up":{"minecraft:birch_log":5,"minecraft:crafting_table":2,"minecraft:andesite":4,"minecraft:leather":4,"minecraft:birch_planks":1,"minecraft:oak_log":4,"minecraft:dirt":17,"minecraft:bone":2,"minecraft:bow":1,"minecraft:wheat_seeds":5,"minecraft:cobbled_deepslate":51,"minecraft:beef":7,"minecraft:furnace":1,"minecraft:oak_fence":1,"minecraft:torch":2,"minecraft:porkchop":1,"minecraft:white_bed":1,"minecraft:carrot":20,"minecraft:arrow":1,"minecraft:iron_helmet":1,"minecraft:hay_block":10,"minecraft:granite":27,"minecraft:coal":14,"minecraft:iron_bars":2,"minecraft:mutton":3,"minecraft:white_wool":2,"minecraft:cobblestone":37},"minecraft:dropped":{"minecraft:wheat_seeds":6,"minecraft:wooden_pickaxe":1}},"DataVersion":3465}