{"stats":{"minecraft:picked_up":{"minecraft:stick":3,"minecraft:crafting_table":2,"luminousworld:decorative_brown_2":1,"minecraft:sand":2,"tombstone:grave_key":1,"minecraft:spruce_sapling":1,"minecraft:diorite":1,"minecraft:spruce_log":11,"minecraft:dirt":1,"minecraft:mossy_cobblestone":3,"luminousworld:decorative_brown_mushroom_1":1,"minecraft:rotten_flesh":2,"minecraft:wheat_seeds":3,"minecraft:spruce_planks":3,"minecraft:sugar_cane":25,"minecraft:coal":3,"minecraft:cobblestone":4},"minecraft:used":{"minecraft:wooden_axe":25,"minecraft:spruce_planks":18,"minecraft:wooden_pickaxe":11,"minecraft:rotten_flesh":2,"minecraft:crafting_table":2,"alexsmobs:animal_dictionary":3},"minecraft:mined":{"minecraft:large_fern":2,"naturalist:cattail":1,"luminousworld:sunset_petunias":1,"minecraft:spruce_planks":3,"minecraft:mossy_cobblestone":3,"luminousworld:grassvariant_4":1,"minecraft:spruce_log":11,"luminousworld:mossbuds_3":2,"minecraft:crafting_table":2,"minecraft:grass":10,"minecraft:coal_ore":3,"luminousworld:spuds":1,"minecraft:dirt":1,"minecraft:sand":2,"luminousworld:grassvariant_3":1,"luminousworld:decorative_brown_mushroom_1":1,"luminousworld:blackberrybush":2,"minecraft:spruce_leaves":9,"minecraft:stone":4,"luminousworld:decorative_brown_2":1,"minecraft:sugar_cane":11,"minecraft:diorite":1,"minecraft:oak_leaves":1,"minecraft:fern":1},"minecraft:dropped":{"minecraft:wheat_seeds":3,"tombstone:grave_key":1,"luminousworld:decorative_brown_mushroom_1":1,"luminousworld:decorative_brown_2":1,"minecraft:spruce_sapling":1},"minecraft:custom":{"minecraft:time_since_rest":8597,"minecraft:damage_taken":290,"minecraft:sprint_one_cm":83485,"minecraft:walk_one_cm":125460,"minecraft:mob_kills":1,"minecraft:drop":7,"minecraft:damage_dealt":263,"minecraft:swim_one_cm":31479,"minecraft:interact_with_crafting_table":3,"minecraft:fly_one_cm":89389,"minecraft:crouch_one_cm":887,"minecraft:play_time":31646,"minecraft:deaths":1,"minecraft:sneak_time":466,"minecraft:walk_under_water_one_cm":17101,"minecraft:jump":611,"minecraft:leave_game":2,"minecraft:walk_on_water_one_cm":29787,"minecraft:time_since_death":10996,"minecraft:climb_one_cm":2383,"minecraft:total_world_time":31646,"minecraft:fall_one_cm":10499},"minecraft:crafted":{"minecraft:crafting_table":1,"minecraft:spruce_planks":44,"minecraft:stick":12,"minecraft:wooden_pickaxe":1,"minecraft:stone_pickaxe":1,"minecraft:wooden_axe":1,"minecraft:torch":4},"minecraft:killed":{"luminousworld:firefly":1},"minecraft:killed_by":{"iceandfire:ghost":1}},"DataVersion":3465}