{"stats":{"minecraft:picked_up":{"born_in_chaos_v1:diamond_termite_shard":1,"minecraft:crafting_table":5,"luminousworld:decorative_brown_2":1,"minecraft:salmon":6,"minecraft:andesite":30,"luminousworld:ishstone":10,"ecologics:seashell":2,"minecraft:flint":1,"tombstone:grave_key":1,"born_in_chaos_v1:black_argillite":1,"minecraft:dirt":1,"minecraft:wheat_seeds":3,"minecraft:cobbled_deepslate":12,"minecraft:spruce_planks":3,"minecraft:sugar_cane":25,"minecraft:furnace":4,"minecraft:stick":3,"minecraft:raw_iron":16,"minecraft:torch":8,"minecraft:gravel":3,"minecraft:sand":2,"minecraft:spruce_sapling":1,"minecraft:diorite":12,"minecraft:spruce_log":11,"minecraft:mossy_cobblestone":3,"luminousworld:decorative_brown_mushroom_1":1,"minecraft:rotten_flesh":2,"minecraft:spruce_boat":2,"minecraft:granite":9,"minecraft:bone_meal":1,"minecraft:coal":65,"minecraft:cobblestone":45},"minecraft:used":{"minecraft:diorite":12,"minecraft:stone_sword":16,"minecraft:stone_shovel":3,"minecraft:stone_pickaxe":116,"minecraft:spruce_planks":18,"minecraft:wooden_pickaxe":42,"minecraft:iron_sword":15,"luminousworld:ishstone":10,"minecraft:cooked_salmon":3,"minecraft:rotten_flesh":2,"minecraft:salmon":1,"minecraft:torch":21,"minecraft:sand":2,"minecraft:crafting_table":6,"minecraft:granite":9,"minecraft:spruce_boat":3,"minecraft:wooden_axe":25,"minecraft:iron_pickaxe":14,"minecraft:gravel":3,"minecraft:stone_axe":3,"minecraft:cobblestone":17,"minecraft:furnace":4,"minecraft:andesite":11,"alexsmobs:animal_dictionary":3,"minecraft:cobbled_deepslate":12},"minecraft:mined":{"naturalist:cattail":1,"minecraft:spruce_planks":3,"minecraft:mossy_cobblestone":3,"luminousworld:grassvariant_4":1,"minecraft:crafting_table":5,"minecraft:torch":3,"minecraft:granite":9,"born_in_chaos_v1:black_argillite":1,"luminousworld:spuds":1,"luminousworld:decorative_brown_mushroom_1":1,"minecraft:cobblestone":2,"luminousworld:blackberrybush":2,"minecraft:spruce_leaves":9,"minecraft:sugar_cane":11,"minecraft:diorite":12,"minecraft:wall_torch":3,"minecraft:large_fern":2,"minecraft:seagrass":1,"luminousworld:sunset_petunias":1,"minecraft:furnace":4,"ecologics:seashell":1,"minecraft:iron_ore":10,"minecraft:spruce_log":11,"minecraft:andesite":30,"luminousworld:mossbuds_3":2,"minecraft:grass":10,"minecraft:coal_ore":24,"luminousworld:ishstone":10,"minecraft:deepslate_iron_ore":6,"minecraft:gravel":4,"minecraft:sand":2,"minecraft:dirt":1,"luminousworld:grassvariant_3":1,"luminousworld:decorative_brown_2":1,"minecraft:stone":45,"minecraft:oak_leaves":1,"minecraft:deepslate":12,"minecraft:fern":1},"minecraft:dropped":{"minecraft:wheat_seeds":3,"luminousworld:decorative_brown_mushroom_1":1,"tombstone:grave_key":1,"minecraft:wooden_axe":1,"minecraft:bone_meal":1,"minecraft:wooden_pickaxe":1,"minecraft:stone_pickaxe":1,"ecologics:seashell":2,"luminousworld:decorative_brown_2":1,"minecraft:spruce_sapling":1},"minecraft:custom":{"minecraft:interact_with_furnace":17,"minecraft:mob_kills":9,"minecraft:interact_with_crafting_table":12,"minecraft:leave_game":3,"minecraft:time_since_death":38934,"minecraft:climb_one_cm":2383,"minecraft:time_since_rest":36535,"minecraft:sprint_one_cm":89186,"minecraft:damage_taken":453,"minecraft:walk_one_cm":169802,"minecraft:drop":13,"minecraft:damage_dealt":849,"minecraft:swim_one_cm":32510,"minecraft:fly_one_cm":90507,"minecraft:crouch_one_cm":1327,"minecraft:play_time":59584,"minecraft:deaths":1,"minecraft:sneak_time":1101,"minecraft:walk_under_water_one_cm":43293,"minecraft:boat_one_cm":251460,"minecraft:jump":800,"minecraft:walk_on_water_one_cm":35301,"minecraft:total_world_time":59584,"minecraft:fall_one_cm":10708},"minecraft:crafted":{"minecraft:stone_shovel":1,"minecraft:crafting_table":1,"minecraft:spruce_planks":44,"minecraft:wooden_pickaxe":1,"minecraft:iron_sword":1,"minecraft:furnace":2,"minecraft:cooked_salmon":5,"minecraft:stone_axe":1,"minecraft:air":0,"minecraft:iron_chestplate":1,"minecraft:stick":24,"minecraft:iron_ingot":16,"minecraft:iron_pickaxe":1,"minecraft:stone_pickaxe":3,"minecraft:wooden_axe":1,"minecraft:stone_sword":1,"minecraft:spruce_boat":1,"minecraft:torch":20},"minecraft:killed":{"luminousworld:firefly":1,"born_in_chaos_v1:diamond_termite":1,"minecraft:salmon":6,"alexsmobs:catfish":1},"minecraft:killed_by":{"iceandfire:ghost":1}},"DataVersion":3465}