{"stats":{"minecraft:picked_up":{"born_in_chaos_v1:diamond_termite_shard":1,"minecraft:crafting_table":4,"luminousworld:decorative_brown_2":1,"minecraft:andesite":30,"luminousworld:ishstone":9,"minecraft:flint":1,"tombstone:grave_key":1,"born_in_chaos_v1:black_argillite":1,"minecraft:dirt":1,"minecraft:wheat_seeds":3,"minecraft:cobbled_deepslate":12,"minecraft:spruce_planks":3,"minecraft:sugar_cane":25,"minecraft:furnace":2,"minecraft:stick":3,"minecraft:raw_iron":16,"minecraft:torch":4,"minecraft:gravel":3,"minecraft:sand":2,"minecraft:spruce_sapling":1,"minecraft:diorite":12,"minecraft:spruce_log":11,"minecraft:mossy_cobblestone":3,"luminousworld:decorative_brown_mushroom_1":1,"minecraft:rotten_flesh":2,"minecraft:granite":9,"minecraft:coal":34,"minecraft:cobblestone":43},"minecraft:used":{"minecraft:stone_sword":16,"minecraft:stone_shovel":3,"minecraft:stone_pickaxe":116,"minecraft:spruce_planks":18,"minecraft:wooden_pickaxe":42,"minecraft:rotten_flesh":2,"minecraft:torch":16,"minecraft:crafting_table":4,"minecraft:granite":8,"minecraft:wooden_axe":25,"minecraft:iron_pickaxe":9,"minecraft:stone_axe":2,"minecraft:furnace":3,"alexsmobs:animal_dictionary":3},"minecraft:mined":{"naturalist:cattail":1,"minecraft:spruce_planks":3,"minecraft:mossy_cobblestone":3,"luminousworld:grassvariant_4":1,"minecraft:crafting_table":4,"minecraft:torch":1,"minecraft:granite":9,"born_in_chaos_v1:black_argillite":1,"luminousworld:spuds":1,"luminousworld:decorative_brown_mushroom_1":1,"luminousworld:blackberrybush":2,"minecraft:spruce_leaves":9,"minecraft:sugar_cane":11,"minecraft:diorite":12,"minecraft:wall_torch":2,"minecraft:large_fern":2,"luminousworld:sunset_petunias":1,"minecraft:furnace":2,"minecraft:iron_ore":10,"minecraft:spruce_log":11,"minecraft:andesite":30,"luminousworld:mossbuds_3":2,"minecraft:grass":10,"minecraft:coal_ore":24,"luminousworld:ishstone":9,"minecraft:deepslate_iron_ore":6,"minecraft:gravel":4,"minecraft:sand":2,"minecraft:dirt":1,"luminousworld:grassvariant_3":1,"luminousworld:decorative_brown_2":1,"minecraft:stone":45,"minecraft:oak_leaves":1,"minecraft:deepslate":12,"minecraft:fern":1},"minecraft:dropped":{"minecraft:wheat_seeds":3,"luminousworld:decorative_brown_mushroom_1":1,"tombstone:grave_key":1,"minecraft:wooden_axe":1,"minecraft:wooden_pickaxe":1,"minecraft:stone_pickaxe":1,"luminousworld:decorative_brown_2":1,"minecraft:spruce_sapling":1},"minecraft:custom":{"minecraft:interact_with_furnace":10,"minecraft:mob_kills":2,"minecraft:interact_with_crafting_table":10,"minecraft:leave_game":2,"minecraft:time_since_death":22996,"minecraft:climb_one_cm":2383,"minecraft:time_since_rest":20597,"minecraft:sprint_one_cm":89186,"minecraft:damage_taken":370,"minecraft:walk_one_cm":139688,"minecraft:drop":10,"minecraft:damage_dealt":401,"minecraft:swim_one_cm":31479,"minecraft:fly_one_cm":90189,"minecraft:crouch_one_cm":1219,"minecraft:play_time":43646,"minecraft:deaths":1,"minecraft:sneak_time":797,"minecraft:walk_under_water_one_cm":17101,"minecraft:jump":656,"minecraft:walk_on_water_one_cm":29787,"minecraft:total_world_time":43646,"minecraft:fall_one_cm":10499},"minecraft:crafted":{"minecraft:stone_shovel":1,"minecraft:crafting_table":1,"minecraft:spruce_planks":44,"minecraft:wooden_pickaxe":1,"minecraft:iron_sword":1,"minecraft:furnace":2,"minecraft:stone_axe":1,"minecraft:air":0,"minecraft:stick":24,"minecraft:iron_ingot":11,"minecraft:iron_pickaxe":1,"minecraft:stone_pickaxe":3,"minecraft:wooden_axe":1,"minecraft:stone_sword":1,"minecraft:torch":20},"minecraft:killed":{"luminousworld:firefly":1,"born_in_chaos_v1:diamond_termite":1},"minecraft:killed_by":{"iceandfire:ghost":1}},"DataVersion":3465}