{"stats":{"minecraft:picked_up":{"minecraft:stick":3,"minecraft:crafting_table":1,"luminousworld:decorative_brown_2":1,"minecraft:spruce_sapling":1,"minecraft:spruce_log":11,"minecraft:mossy_cobblestone":3,"luminousworld:decorative_brown_mushroom_1":1,"minecraft:rotten_flesh":2},"minecraft:used":{"minecraft:wooden_axe":17,"minecraft:wooden_pickaxe":3,"minecraft:rotten_flesh":2,"minecraft:crafting_table":1,"alexsmobs:animal_dictionary":3},"minecraft:mined":{"naturalist:cattail":1,"luminousworld:sunset_petunias":1,"minecraft:mossy_cobblestone":3,"luminousworld:grassvariant_4":1,"minecraft:spruce_log":11,"minecraft:crafting_table":1,"minecraft:grass":4,"luminousworld:grassvariant_3":1,"luminousworld:decorative_brown_mushroom_1":1,"minecraft:spruce_leaves":9,"luminousworld:decorative_brown_2":1,"minecraft:oak_leaves":1},"minecraft:dropped":{"luminousworld:decorative_brown_mushroom_1":1,"luminousworld:decorative_brown_2":1,"minecraft:spruce_sapling":1},"minecraft:custom":{"minecraft:time_since_rest":1,"minecraft:walk_one_cm":117985,"minecraft:sprint_one_cm":41382,"minecraft:damage_taken":270,"minecraft:mob_kills":1,"minecraft:drop":3,"minecraft:damage_dealt":193,"minecraft:swim_one_cm":3711,"minecraft:interact_with_crafting_table":3,"minecraft:fly_one_cm":48773,"minecraft:crouch_one_cm":887,"minecraft:play_time":21037,"minecraft:deaths":1,"minecraft:sneak_time":314,"minecraft:walk_under_water_one_cm":7372,"minecraft:jump":414,"minecraft:leave_game":2,"minecraft:time_since_death":387,"minecraft:walk_on_water_one_cm":21794,"minecraft:climb_one_cm":2010,"minecraft:total_world_time":21037,"minecraft:fall_one_cm":6830},"minecraft:crafted":{"minecraft:crafting_table":1,"minecraft:spruce_planks":44,"minecraft:stick":12,"minecraft:wooden_pickaxe":1,"minecraft:stone_pickaxe":1,"minecraft:wooden_axe":1},"minecraft:killed":{"luminousworld:firefly":1},"minecraft:killed_by":{"iceandfire:ghost":1}},"DataVersion":3465}