{"stats":{"minecraft:used":{"alexsmobs:animal_dictionary":3},"minecraft:mined":{"minecraft:grass":1,"luminousworld:sunset_petunias":1,"minecraft:oak_leaves":1,"luminousworld:grassvariant_4":1,"luminousworld:grassvariant_3":1},"minecraft:custom":{"minecraft:jump":183,"minecraft:time_since_rest":6582,"minecraft:damage_dealt":14,"minecraft:damage_taken":155,"minecraft:leave_game":1,"minecraft:crouch_one_cm":188,"minecraft:time_since_death":6582,"minecraft:play_time":6582,"minecraft:sprint_one_cm":25478,"minecraft:walk_on_water_one_cm":4856,"minecraft:walk_one_cm":29052,"minecraft:sneak_time":103,"minecraft:climb_one_cm":75,"minecraft:total_world_time":6582,"minecraft:walk_under_water_one_cm":2572,"minecraft:swim_one_cm":3711,"minecraft:fall_one_cm":3377,"minecraft:fly_one_cm":29203}},"DataVersion":3465}