{"stats":{"minecraft:killed":{"earthmobsmod:duck":1,"minecraft:spider":2,"earthmobsmod:wooly_cow":1,"born_in_chaos_v1:maggot":1,"minecraft:skeleton":2,"undead_revamp2:thesomnolence":1,"minecraft:zombie":3,"enemyexpansion:slugger":2},"minecraft:killed_by":{"iceandfire:ice_dragon":1,"minecraft:zombie":1,"enemyexpansion:slugger":1},"minecraft:mined":{"minecraft:deepslate_redstone_ore":3,"minecraft:deepslate_diamond_ore":1,"minecraft:torch":3,"minecraft:spruce_fence":1,"minecraft:blast_furnace":1,"minecraft:grass_block":1,"minecraft:stone_brick_wall":3,"ecologics:walnut_leaves":1,"luminousworld:grassflowers":1,"minecraft:tall_grass":3,"minecraft:cobblestone":34,"minecraft:deepslate_gold_ore":4,"minecraft:wall_torch":1,"supplementaries:urn":11,"minecraft:carrots":5,"minecraft:cobbled_deepslate":5,"minecraft:iron_ore":5,"minecraft:wheat":4,"minecraft:fire":2,"minecraft:grass":3,"minecraft:oak_log":2,"minecraft:coal_ore":2,"minecraft:deepslate_iron_ore":9,"minecraft:packed_ice":3,"ecologics:walnut_log":4,"ecologics:walnut_planks":4,"minecraft:stone":39,"minecraft:deepslate":13},"minecraft:used":{"minecraft:baked_potato":17,"minecraft:poppy":2,"minecraft:wooden_pickaxe":17,"minecraft:iron_sword":62,"minecraft:bell":1,"minecraft:cookie":9,"minecraft:iron_chestplate":1,"minecraft:torch":10,"minecraft:golden_apple":1,"minecraft:cake":1,"born_in_chaos_v1:corpse_maggot":1,"minecraft:brown_wool":1,"minecraft:iron_axe":6,"minecraft:bread":8,"minecraft:iron_pickaxe":114,"minecraft:iron_helmet":1,"minecraft:iron_boots":1,"minecraft:item_frame":1,"ecologics:walnut_planks":13,"minecraft:cobblestone":43,"minecraft:oak_sapling":4,"tombstone:gift":2,"alexsmobs:animal_dictionary":1,"minecraft:cobbled_deepslate":16,"minecraft:experience_bottle":1,"minecraft:iron_leggings":1},"minecraft:crafted":{"minecraft:oak_planks":8,"minecraft:spruce_planks":24,"minecraft:wooden_pickaxe":1,"ecologics:walnut_planks":16,"minecraft:baked_potato":25,"minecraft:iron_sword":1,"minecraft:copper_ingot":26,"minecraft:air":0,"minecraft:golden_apple":4,"minecraft:iron_axe":1,"minecraft:stick":12,"minecraft:iron_ingot":63,"minecraft:iron_pickaxe":3,"minecraft:gold_ingot":33,"quark:spruce_chest":1},"minecraft:custom":{"minecraft:interact_with_furnace":21,"minecraft:mob_kills":15,"minecraft:interact_with_crafting_table":12,"minecraft:open_barrel":9,"minecraft:bell_ring":1,"minecraft:damage_dealt_resisted":10,"minecraft:eat_cake_slice":1,"minecraft:leave_game":1,"minecraft:time_since_death":15231,"minecraft:sleep_in_bed":3,"minecraft:climb_one_cm":2734,"minecraft:time_since_rest":5994,"minecraft:sprint_one_cm":286882,"minecraft:damage_absorbed":40,"minecraft:damage_taken":2082,"minecraft:walk_one_cm":217687,"minecraft:trigger_trapped_chest":15,"minecraft:drop":30,"minecraft:damage_dealt":2924,"minecraft:swim_one_cm":95,"minecraft:talked_to_villager":10,"minecraft:fly_one_cm":373809,"minecraft:open_chest":28,"minecraft:play_time":75823,"minecraft:crouch_one_cm":833,"tombstone:undead_killed":7,"minecraft:deaths":4,"minecraft:sneak_time":429,"minecraft:walk_under_water_one_cm":9314,"minecraft:jump":1557,"minecraft:walk_on_water_one_cm":2994,"minecraft:total_world_time":75823,"minecraft:fall_one_cm":51452},"minecraft:picked_up":{"ecologics:walnut_planks":4,"born_in_chaos_v1:corpse_maggot":1,"minecraft:wheat":4,"minecraft:chicken":1,"minecraft:brown_wool":1,"minecraft:leather":4,"minecraft:wooden_pickaxe":2,"minecraft:stone_brick_wall":1,"minecraft:oak_log":2,"minecraft:iron_axe":1,"tombstone:grave_key":1,"supplementaries:flax_seeds":2,"minecraft:lantern":4,"minecraft:item_frame":2,"minecraft:cooked_mutton":1,"minecraft:gunpowder":4,"minecraft:experience_bottle":1,"minecraft:dirt":1,"minecraft:string":5,"minecraft:bone":4,"minecraft:zombie_head":1,"minecraft:bow":1,"minecraft:wheat_seeds":11,"minecraft:gold_nugget":12,"minecraft:cobbled_deepslate":19,"minecraft:raw_gold":4,"minecraft:bell":1,"minecraft:beef":5,"minecraft:spruce_slab":1,"minecraft:dark_oak_stairs":6,"minecraft:raw_iron":13,"ecologics:walnut_log":4,"minecraft:torch":15,"minecraft:spruce_fence":1,"minecraft:poisonous_potato":1,"minecraft:stripped_spruce_log":1,"tombstone:grave_dust":1,"minecraft:blast_furnace":1,"minecraft:spruce_log":5,"minecraft:carrot":14,"minecraft:redstone":5,"minecraft:spider_eye":1,"minecraft:dark_oak_planks":4,"luminousworld:grassflowers":1,"minecraft:arrow":2,"minecraft:rotten_flesh":6,"minecraft:diamond":1,"minecraft:chainmail_leggings":2,"minecraft:emerald":4,"supplementaries:ash":50,"minecraft:mutton":4,"minecraft:coal":2,"minecraft:cobblestone":43},"minecraft:dropped":{"minecraft:dark_oak_stairs":6,"minecraft:wheat_seeds":7,"minecraft:cobbled_deepslate":4,"minecraft:poisonous_potato":1,"minecraft:rotten_flesh":5,"minecraft:iron_helmet":2,"minecraft:spruce_fence":1,"minecraft:music_disc_13":1,"supplementaries:ash":50,"supplementaries:flax_seeds":2,"minecraft:gunpowder":12,"tombstone:grave_key":1,"minecraft:beetroot_seeds":18,"tombstone:grave_dust":2,"minecraft:wooden_pickaxe":2,"minecraft:chainmail_leggings":2,"minecraft:dark_oak_planks":4,"minecraft:string":6,"minecraft:redstone":5}},"DataVersion":3465}