{"stats":{"minecraft:picked_up":{"born_in_chaos_v1:diamond_termite_shard":1,"minecraft:crafting_table":2,"minecraft:wheat":8,"minecraft:azure_bluet":1,"minecraft:chainmail_boots":1,"minecraft:chicken":1,"minecraft:golden_pickaxe":1,"minecraft:wooden_pickaxe":2,"minecraft:stone_brick_wall":2,"tombstone:grave_key":1,"minecraft:string":16,"minecraft:iron_axe":2,"minecraft:item_frame":8,"minecraft:experience_bottle":1,"minecraft:zombie_head":1,"minecraft:cobbled_deepslate":20,"minecraft:gold_nugget":55,"minecraft:smooth_stone":1,"minecraft:beef":16,"minecraft:iron_pickaxe":2,"minecraft:spruce_slab":1,"minecraft:stick":1,"minecraft:raw_iron":26,"minecraft:oak_door":1,"ecologics:walnut_log":4,"minecraft:torch":20,"minecraft:spruce_fence":1,"tombstone:grave_dust":5,"minecraft:carrot":14,"minecraft:redstone":5,"minecraft:iron_horse_armor":1,"minecraft:dark_oak_planks":4,"luminousworld:grassflowers":5,"minecraft:arrow":7,"minecraft:rotten_flesh":19,"artifacts:snowshoes":1,"minecraft:iron_block":3,"sophisticatedbackpacks:copper_backpack":1,"minecraft:gold_ingot":2,"supplementaries:ash":74,"minecraft:mutton":4,"minecraft:cobblestone":43,"ecologics:walnut_planks":4,"born_in_chaos_v1:corpse_maggot":1,"minecraft:cooked_beef":1,"minecraft:andesite":12,"minecraft:brown_wool":4,"minecraft:leather":11,"minecraft:oak_log":7,"supplementaries:flax_seeds":5,"minecraft:gunpowder":4,"minecraft:paper":3,"minecraft:lapis_lazuli":18,"minecraft:dirt":157,"minecraft:lantern":4,"minecraft:cooked_mutton":7,"minecraft:bone":32,"minecraft:apple":19,"minecraft:bow":1,"minecraft:wheat_seeds":20,"minecraft:raw_gold":4,"minecraft:bell":1,"minecraft:grindstone":1,"minecraft:oak_planks":1,"minecraft:dark_oak_stairs":12,"minecraft:smooth_basalt":1,"minecraft:dandelion":2,"minecraft:poisonous_potato":1,"minecraft:stripped_spruce_log":1,"minecraft:blast_furnace":1,"minecraft:spruce_log":5,"minecraft:trapped_chest":1,"minecraft:spider_eye":2,"minecraft:diamond":1,"luminousworld:yellowpetunias":2,"minecraft:chainmail_leggings":2,"minecraft:emerald":5,"minecraft:bread":12,"minecraft:oak_sapling":4,"minecraft:black_wool":1,"minecraft:coal":2,"minecraft:ender_pearl":1},"minecraft:used":{"minecraft:iron_shovel":166,"sophisticatedbackpacks:copper_backpack":1,"minecraft:poppy":2,"minecraft:spruce_planks":5,"minecraft:iron_sword":123,"minecraft:bell":1,"minecraft:iron_chestplate":1,"minecraft:torch":10,"born_in_chaos_v1:corpse_maggot":1,"minecraft:iron_axe":23,"minecraft:iron_helmet":1,"minecraft:iron_boots":1,"minecraft:item_frame":1,"ecologics:walnut_planks":13,"minecraft:oak_sapling":4,"tombstone:gift":3,"minecraft:cobbled_deepslate":16,"minecraft:iron_leggings":1,"minecraft:cooked_mutton":2,"minecraft:baked_potato":17,"minecraft:wooden_pickaxe":17,"minecraft:cookie":12,"minecraft:golden_apple":1,"minecraft:crafting_table":2,"minecraft:cake":1,"minecraft:bread":11,"minecraft:brown_wool":1,"minecraft:iron_pickaxe":121,"minecraft:cobblestone":43,"quark:oak_chest":2,"alexsmobs:animal_dictionary":2,"minecraft:cobweb":9,"minecraft:experience_bottle":1},"minecraft:mined":{"minecraft:deepslate_diamond_ore":1,"minecraft:oak_door":1,"minecraft:grass_block":159,"minecraft:stone_brick_wall":3,"minecraft:spruce_fence":1,"luminousworld:grassvariant_2":2,"minecraft:smooth_stone":1,"minecraft:carrots":5,"minecraft:iron_ore":5,"minecraft:cobbled_deepslate":5,"minecraft:fire":2,"minecraft:deepslate_iron_ore":9,"minecraft:packed_ice":3,"ecologics:walnut_log":4,"minecraft:stone":39,"minecraft:iron_block":3,"sophisticatedbackpacks:copper_backpack":1,"minecraft:deepslate_redstone_ore":3,"minecraft:crafting_table":2,"minecraft:torch":3,"minecraft:blast_furnace":1,"ecologics:walnut_leaves":1,"luminousworld:grassflowers":1,"minecraft:tall_grass":3,"minecraft:cobblestone":34,"minecraft:deepslate_gold_ore":4,"minecraft:grindstone":1,"minecraft:wall_torch":1,"supplementaries:urn":11,"minecraft:trapped_chest":1,"minecraft:wheat":4,"minecraft:grass":9,"minecraft:oak_log":7,"minecraft:coal_ore":2,"minecraft:sand":4,"minecraft:cobweb":9,"ecologics:walnut_planks":4,"minecraft:oak_leaves":2,"minecraft:deepslate":13},"minecraft:custom":{"minecraft:mob_kills":26,"minecraft:interact_with_crafting_table":26,"minecraft:open_barrel":9,"minecraft:bell_ring":1,"minecraft:damage_dealt_resisted":10,"minecraft:eat_cake_slice":3,"minecraft:leave_game":2,"minecraft:time_since_death":10520,"minecraft:climb_one_cm":2734,"minecraft:sprint_one_cm":374942,"minecraft:walk_one_cm":300128,"minecraft:drop":53,"minecraft:talked_to_villager":11,"minecraft:play_time":106033,"minecraft:deaths":5,"minecraft:sneak_time":479,"minecraft:walk_under_water_one_cm":10316,"minecraft:jump":2055,"minecraft:walk_on_water_one_cm":4342,"minecraft:total_world_time":106033,"minecraft:interact_with_furnace":32,"minecraft:sleep_in_bed":3,"minecraft:time_since_rest":9228,"minecraft:damage_taken":2370,"minecraft:damage_absorbed":40,"minecraft:trigger_trapped_chest":19,"minecraft:damage_dealt":6060,"minecraft:swim_one_cm":9974,"minecraft:fly_one_cm":505751,"minecraft:open_chest":56,"minecraft:crouch_one_cm":865,"tombstone:undead_killed":15,"minecraft:fall_one_cm":63885},"minecraft:dropped":{"minecraft:bread":11,"minecraft:dark_oak_stairs":6,"minecraft:wheat_seeds":11,"minecraft:poisonous_potato":1,"minecraft:iron_helmet":2,"minecraft:leather":4,"minecraft:iron_horse_armor":1,"minecraft:item_frame":6,"minecraft:music_disc_13":1,"minecraft:torch":5,"tombstone:grave_key":1,"tombstone:grave_dust":2,"minecraft:chainmail_leggings":2,"minecraft:dark_oak_planks":4,"minecraft:string":6,"minecraft:trapped_chest":1,"minecraft:smooth_basalt":1,"minecraft:redstone":5,"minecraft:cobbled_deepslate":4,"minecraft:raw_iron":13,"minecraft:rotten_flesh":6,"minecraft:iron_boots":1,"minecraft:cooked_mutton":4,"minecraft:shears":1,"minecraft:spruce_fence":1,"supplementaries:flax_seeds":2,"supplementaries:ash":50,"minecraft:gunpowder":12,"minecraft:iron_chestplate":1,"minecraft:beetroot_seeds":18,"minecraft:oak_sapling":8,"minecraft:wooden_pickaxe":2,"minecraft:black_wool":1},"minecraft:crafted":{"minecraft:oak_planks":28,"ecologics:walnut_planks":16,"minecraft:cooked_mutton":4,"sophisticatedbackpacks:copper_backpack":1,"minecraft:iron_axe":1,"quark:spruce_chest":1,"sophisticatedbackpacks:backpack":1,"minecraft:crafting_table":1,"minecraft:spruce_planks":24,"minecraft:wooden_pickaxe":1,"minecraft:baked_potato":29,"minecraft:iron_sword":1,"minecraft:copper_ingot":26,"sophisticatedbackpacks:upgrade_base":1,"minecraft:air":0,"minecraft:golden_apple":4,"minecraft:stick":20,"quark:oak_chest":2,"minecraft:iron_ingot":63,"minecraft:iron_pickaxe":3,"minecraft:iron_shovel":1,"minecraft:gold_ingot":33},"minecraft:killed":{"luminousworld:frostbitten_zombie":4,"earthmobsmod:duck":1,"minecraft:spider":2,"luminousworld:frost_bitten_skeleton":2,"born_in_chaos_v1:zombie_bruiser":1,"born_in_chaos_v1:maggot":1,"minecraft:skeleton":2,"earthmobsmod:wooly_cow":4,"undead_revamp2:thesomnolence":1,"minecraft:zombie":4,"enemyexpansion:slugger":2},"minecraft:killed_by":{"enemyexpansion:slugger":1,"iceandfire:ice_dragon":2,"minecraft:zombie":1}},"DataVersion":3465}