{"stats":{"minecraft:killed":{"minecraft:spider":1,"minecraft:zombie":2},"minecraft:used":{"minecraft:baked_potato":6,"minecraft:poppy":2,"minecraft:wooden_pickaxe":17,"minecraft:iron_sword":21,"minecraft:bell":1,"minecraft:iron_chestplate":1,"minecraft:bread":2,"minecraft:iron_pickaxe":15,"minecraft:iron_helmet":1,"minecraft:iron_boots":1,"minecraft:cobblestone":4,"minecraft:oak_sapling":4,"alexsmobs:animal_dictionary":1,"minecraft:iron_leggings":1},"minecraft:mined":{"minecraft:blast_furnace":1,"minecraft:stone_brick_wall":3,"minecraft:grass_block":1,"ecologics:walnut_leaves":1,"luminousworld:grassflowers":1,"minecraft:tall_grass":3,"minecraft:carrots":5,"minecraft:iron_ore":5,"minecraft:wheat":4,"minecraft:grass":3,"minecraft:oak_log":2,"minecraft:coal_ore":2,"minecraft:deepslate_iron_ore":5,"ecologics:walnut_log":4,"minecraft:stone":9,"minecraft:deepslate":2},"minecraft:killed_by":{"minecraft:zombie":1},"minecraft:picked_up":{"minecraft:wheat":4,"minecraft:wooden_pickaxe":2,"minecraft:stone_brick_wall":1,"minecraft:oak_log":2,"minecraft:dirt":1,"minecraft:string":2,"minecraft:bow":1,"minecraft:wheat_seeds":11,"minecraft:cobbled_deepslate":2,"minecraft:bell":1,"minecraft:raw_iron":9,"ecologics:walnut_log":4,"minecraft:poisonous_potato":1,"minecraft:blast_furnace":1,"minecraft:carrot":14,"minecraft:spider_eye":1,"luminousworld:grassflowers":1,"minecraft:rotten_flesh":2,"minecraft:chainmail_leggings":2,"minecraft:coal":2,"minecraft:cobblestone":10},"minecraft:dropped":{"minecraft:wheat_seeds":7,"minecraft:poisonous_potato":1,"minecraft:iron_helmet":2,"minecraft:wooden_pickaxe":2,"minecraft:chainmail_leggings":2},"minecraft:custom":{"minecraft:interact_with_furnace":19,"minecraft:mob_kills":4,"minecraft:interact_with_crafting_table":8,"minecraft:open_barrel":3,"minecraft:bell_ring":1,"minecraft:leave_game":1,"minecraft:time_since_death":888,"minecraft:time_since_rest":1,"minecraft:sprint_one_cm":115947,"minecraft:damage_taken":686,"minecraft:walk_one_cm":92276,"minecraft:trigger_trapped_chest":13,"minecraft:drop":8,"minecraft:damage_dealt":1008,"minecraft:talked_to_villager":2,"minecraft:fly_one_cm":115436,"minecraft:open_chest":4,"minecraft:crouch_one_cm":197,"minecraft:play_time":28061,"tombstone:undead_killed":2,"minecraft:deaths":2,"minecraft:sneak_time":96,"minecraft:jump":452,"minecraft:walk_on_water_one_cm":475,"minecraft:total_world_time":28061,"minecraft:fall_one_cm":17534},"minecraft:crafted":{"minecraft:oak_planks":8,"minecraft:wooden_pickaxe":1,"ecologics:walnut_planks":16,"minecraft:baked_potato":25,"minecraft:iron_sword":1,"minecraft:copper_ingot":26,"minecraft:air":0,"minecraft:golden_apple":4,"minecraft:iron_axe":1,"minecraft:stick":12,"minecraft:iron_ingot":63,"minecraft:iron_pickaxe":3,"minecraft:gold_ingot":33}},"DataVersion":3465}