{"stats":{"minecraft:broken":{"minecraft:iron_shovel":1,"minecraft:iron_chestplate":1,"minecraft:iron_leggings":1,"minecraft:iron_sword":2,"aether:iron_gloves":1,"minecraft:iron_pickaxe":1,"minecraft:iron_helmet":2},"minecraft:picked_up":{"iceandfire:dread_stone_bricks":1,"minecraft:wheat":21,"minecraft:chainmail_boots":2,"minecraft:smithing_table":1,"minecraft:diamond_sword":1,"tombstone:grave_key":1,"born_in_chaos_v1:black_argillite":42,"minecraft:string":34,"minecraft:raw_copper":35,"minecraft:experience_bottle":2,"minecraft:zombie_head":2,"minecraft:cobbled_deepslate":92,"minecraft:gold_nugget":55,"minecraft:smooth_stone":1,"earthmobsmod:duck_egg":1,"minecraft:iron_pickaxe":2,"minecraft:iron_boots":2,"minecraft:stick":1,"luminousworld:auburnlog":7,"ecologics:walnut_log":4,"minecraft:oak_fence":1,"minecraft:torch":51,"quark:blossom_log":1,"minecraft:porkchop":12,"tombstone:grave_dust":12,"minecraft:diorite":168,"luminousworld:grassflowers":11,"minecraft:rotten_flesh":39,"luminousworld:yellow_grassflowers":1,"supplementaries:antique_ink":4,"ecologics:coconut_log":11,"minecraft:iron_block":3,"supplementaries:ash":91,"undead_revamp2:arapholia":1,"minecraft:cobblestone":1052,"ecologics:walnut_planks":6,"minecraft:feather":3,"minecraft:cooked_beef":1,"minecraft:andesite":103,"minecraft:brown_wool":4,"alexsmobs:bison_fur":1,"supplementaries:flax_seeds":7,"minecraft:lapis_lazuli":18,"minecraft:dirt":401,"minecraft:lantern":5,"born_in_chaos_v1:monster_skin":1,"minecraft:bone":64,"minecraft:bow":1,"minecraft:wheat_seeds":68,"minecraft:raw_gold":4,"minecraft:bell":1,"minecraft:grindstone":1,"minecraft:oak_planks":2,"minecraft:poisonous_potato":1,"minecraft:sand":1,"minecraft:stripped_spruce_log":1,"minecraft:trapped_chest":1,"minecraft:bundle":2,"born_in_chaos_v1:fire_dust":1,"minecraft:diamond":1,"luminousworld:yellowpetunias":2,"iceandfire:dread_stone_bricks_mossy":1,"minecraft:granite":10,"minecraft:emerald":7,"minecraft:bread":12,"minecraft:oak_sapling":7,"iceandfire:raw_silver":9,"minecraft:crafting_table":10,"luminousworld:groundpebbles_1":7,"born_in_chaos_v1:diamond_termite_shard":3,"minecraft:azure_bluet":1,"minecraft:chicken":5,"born_in_chaos_v1:river_mint":4,"minecraft:golden_pickaxe":1,"minecraft:wooden_pickaxe":2,"minecraft:stone_brick_wall":6,"minecraft:iron_axe":3,"minecraft:item_frame":8,"minecraft:beef":26,"minecraft:oak_boat":1,"minecraft:poppy":1,"minecraft:spruce_slab":1,"minecraft:raw_iron":40,"minecraft:stone":2,"naturalist:duck":2,"minecraft:oak_door":1,"minecraft:copper_ingot":5,"minecraft:spruce_fence":1,"minecraft:stone_button":3,"minecraft:cookie":5,"minecraft:carrot":14,"minecraft:redstone":46,"minecraft:iron_horse_armor":1,"minecraft:dark_oak_planks":4,"minecraft:arrow":8,"artifacts:snowshoes":1,"minecraft:hay_block":6,"minecraft:gold_ingot":2,"sophisticatedbackpacks:copper_backpack":2,"minecraft:mutton":4,"minecraft:oxeye_daisy":2,"born_in_chaos_v1:corpse_maggot":4,"born_in_chaos_v1:monster_flesh":1,"luminousworld:ishstone":69,"minecraft:leather":18,"minecraft:oak_log":17,"iceandfire:ectoplasm":3,"iceandfire:dread_stone_bricks_cracked":3,"minecraft:gunpowder":4,"minecraft:paper":3,"vanillaplustools:iron_hammer":1,"minecraft:cooked_mutton":7,"minecraft:apple":19,"minecraft:stone_bricks":5,"minecraft:iron_ingot":2,"luminousworld:white_petunias":3,"minecraft:iron_sword":2,"minecraft:dark_oak_stairs":12,"minecraft:smooth_basalt":1,"minecraft:dandelion":2,"luminousworld:sunset_petunias":1,"minecraft:spruce_sapling":1,"minecraft:blast_furnace":1,"minecraft:white_bed":7,"minecraft:spruce_log":17,"minecraft:dark_oak_fence_gate":1,"minecraft:spider_eye":3,"minecraft:chainmail_leggings":2,"minecraft:black_wool":1,"minecraft:coal":34,"minecraft:ender_pearl":1},"minecraft:used":{"minecraft:iron_shovel":403,"sophisticatedbackpacks:copper_backpack":2,"minecraft:poppy":2,"minecraft:shield":17,"minecraft:iron_sword":330,"minecraft:bell":1,"minecraft:iron_chestplate":1,"born_in_chaos_v1:corpse_maggot":4,"minecraft:iron_helmet":1,"minecraft:item_frame":1,"ecologics:walnut_planks":13,"minecraft:oak_sapling":6,"minecraft:wooden_pickaxe":17,"minecraft:cookie":17,"minecraft:golden_apple":1,"earthmobsmod:duck_egg":1,"born_in_chaos_v1:monster_flesh":1,"minecraft:zombie_head":1,"minecraft:bread":56,"minecraft:brown_wool":1,"minecraft:diamond_sword":97,"minecraft:oak_boat":1,"minecraft:bone_meal":3,"minecraft:cobweb":9,"minecraft:experience_bottle":2,"minecraft:oak_fence":9,"minecraft:spruce_planks":5,"minecraft:cooked_chicken":4,"minecraft:torch":76,"minecraft:dirt":401,"minecraft:iron_axe":121,"minecraft:iron_boots":1,"tombstone:gift":4,"minecraft:cobbled_deepslate":16,"minecraft:iron_leggings":1,"minecraft:cooked_mutton":2,"minecraft:water_bucket":5,"minecraft:baked_potato":23,"minecraft:crafting_table":11,"minecraft:white_bed":6,"minecraft:cake":1,"minecraft:iron_pickaxe":287,"minecraft:spruce_sapling":1,"minecraft:cobblestone":267,"vanillaplustools:iron_hammer":232,"minecraft:bucket":6,"quark:oak_chest":3,"alexsmobs:animal_dictionary":2},"minecraft:mined":{"luminousworld:white_petunias":1,"minecraft:white_bed":7,"minecraft:oak_sapling":1,"luminousworld:yellowpetunias":1,"luminousworld:autumnleaves":1,"minecraft:granite":11,"minecraft:grass_block":349,"minecraft:stone_brick_wall":3,"ecologics:coconut_leaves":2,"minecraft:spawner":1,"minecraft:smooth_stone":1,"minecraft:iron_ore":22,"minecraft:cobbled_deepslate":5,"minecraft:fire":2,"minecraft:deepslate_lapis_ore":1,"ecologics:walnut_log":4,"iceandfire:dread_stone_bricks_cracked":3,"minecraft:iron_block":3,"sophisticatedbackpacks:copper_backpack":2,"minecraft:deepslate_redstone_ore":3,"minecraft:torch":5,"minecraft:blast_furnace":1,"quark:blossom_log":1,"iceandfire:frozen_dirt":1,"minecraft:cobblestone":46,"minecraft:grindstone":1,"minecraft:sugar_cane":6,"minecraft:wall_torch":9,"minecraft:wheat":17,"minecraft:grass":24,"iceandfire:dread_stone_bricks_mossy":1,"minecraft:oak_log":18,"minecraft:sand":5,"minecraft:dirt":49,"luminousworld:grassvariant_3":3,"minecraft:oak_leaves":12,"iceandfire:dread_stone_bricks":1,"minecraft:deepslate":87,"iceandfire:silver_ore":9,"minecraft:deepslate_diamond_ore":1,"minecraft:oak_door":1,"born_in_chaos_v1:infected_diamond_ore":5,"minecraft:spruce_fence":1,"iceandfire:frozen_grass":3,"born_in_chaos_v1:black_argillite":48,"luminousworld:grassvariant_2":10,"ecologics:coconut_log":11,"minecraft:spruce_leaves":5,"minecraft:hay_block":8,"luminousworld:sunset_petunias":1,"minecraft:redstone_ore":9,"minecraft:carrots":5,"luminousworld:yellow_grassflowers":1,"minecraft:andesite":159,"minecraft:deepslate_iron_ore":9,"minecraft:packed_ice":4,"minecraft:stone":1547,"minecraft:white_wool":4,"minecraft:smithing_table":1,"minecraft:oak_fence":1,"minecraft:crafting_table":10,"minecraft:emerald_ore":1,"ecologics:walnut_leaves":1,"luminousworld:auburnlog":7,"luminousworld:grassflowers":2,"minecraft:tall_grass":10,"minecraft:copper_ore":12,"minecraft:lapis_ore":5,"minecraft:deepslate_gold_ore":4,"minecraft:diorite":121,"supplementaries:urn":21,"minecraft:trapped_chest":1,"minecraft:ice":1,"minecraft:spruce_log":12,"minecraft:coal_ore":34,"luminousworld:ishstone":72,"ecologics:hanging_coconut":1,"minecraft:cobweb":20,"ecologics:walnut_planks":7,"minecraft:gold_ore":1,"minecraft:infested_stone":2},"minecraft:custom":{"minecraft:interact_with_crafting_table":54,"minecraft:open_barrel":10,"minecraft:bell_ring":1,"minecraft:eat_cake_slice":5,"minecraft:leave_game":15,"minecraft:time_since_death":40077,"minecraft:sprint_one_cm":881826,"minecraft:damage_blocked_by_shield":245,"minecraft:drop":134,"minecraft:talked_to_villager":15,"minecraft:play_time":343917,"minecraft:deaths":18,"minecraft:jump":5891,"minecraft:walk_on_water_one_cm":47515,"minecraft:interact_with_furnace":59,"minecraft:interact_with_cartography_table":3,"minecraft:sleep_in_bed":10,"minecraft:damage_dealt":18822,"minecraft:crouch_one_cm":31278,"tombstone:undead_killed":41,"minecraft:interact_with_smithing_table":2,"minecraft:mob_kills":88,"minecraft:damage_dealt_resisted":130,"minecraft:climb_one_cm":3959,"minecraft:walk_one_cm":750235,"minecraft:sneak_time":9804,"minecraft:walk_under_water_one_cm":18087,"minecraft:boat_one_cm":16740,"minecraft:total_world_time":343917,"minecraft:time_since_rest":28208,"minecraft:damage_taken":8126,"minecraft:damage_absorbed":40,"minecraft:trigger_trapped_chest":19,"minecraft:swim_one_cm":14744,"minecraft:fly_one_cm":1395411,"minecraft:open_chest":124,"minecraft:fall_one_cm":174851},"minecraft:dropped":{"minecraft:dark_oak_stairs":6,"luminousworld:yellowpetunias":2,"luminousworld:white_petunias":3,"iceandfire:frozen_dirt":1,"minecraft:leather":4,"iceandfire:ectoplasm":4,"minecraft:iron_horse_armor":1,"iceandfire:dread_stone_bricks_cracked":3,"alexsmobs:bison_fur":1,"minecraft:item_frame":6,"minecraft:music_disc_13":1,"minecraft:dirt":2,"minecraft:stone_button":4,"iceandfire:dread_stone_bricks":1,"minecraft:gold_nugget":2,"minecraft:sand":1,"vanillaplustools:iron_hammer":1,"minecraft:dark_oak_planks":4,"minecraft:bone":10,"minecraft:compass":1,"minecraft:cobbled_deepslate":65,"minecraft:wheat":1,"undead_revamp2:arapholia":1,"minecraft:rotten_flesh":23,"minecraft:cooked_mutton":4,"minecraft:azure_bluet":1,"iceandfire:frozen_grass":3,"supplementaries:antique_ink":4,"minecraft:poppy":1,"iceandfire:dread_stone_bricks_mossy":1,"supplementaries:flax_seeds":4,"supplementaries:ash":67,"luminousworld:grassflowers":10,"minecraft:gunpowder":12,"minecraft:beetroot_seeds":18,"minecraft:stone_brick_wall":4,"minecraft:chainmail_boots":1,"minecraft:arrow":1,"minecraft:bread":11,"minecraft:wheat_seeds":14,"luminousworld:ishstone":64,"minecraft:poisonous_potato":1,"minecraft:iron_helmet":2,"minecraft:cobblestone":459,"minecraft:granite":10,"minecraft:copper_ingot":3,"minecraft:stick":1,"minecraft:oxeye_daisy":2,"born_in_chaos_v1:river_mint":4,"minecraft:diorite":168,"minecraft:torch":5,"tombstone:grave_key":1,"tombstone:grave_dust":3,"minecraft:iron_leggings":1,"minecraft:chainmail_leggings":2,"minecraft:paper":3,"minecraft:string":6,"minecraft:trapped_chest":1,"minecraft:dandelion":2,"minecraft:smooth_basalt":1,"minecraft:redstone":5,"ecologics:coconut_planks":4,"minecraft:raw_iron":13,"minecraft:iron_boots":4,"minecraft:spruce_fence":1,"minecraft:shears":1,"luminousworld:yellow_grassflowers":1,"minecraft:iron_chestplate":1,"minecraft:andesite":75,"minecraft:oak_sapling":12,"minecraft:spider_eye":2,"minecraft:wooden_pickaxe":2,"minecraft:black_wool":1},"minecraft:crafted":{"minecraft:oak_planks":68,"minecraft:cooked_chicken":4,"ecologics:walnut_planks":16,"minecraft:cooked_mutton":4,"vanillaplustools:iron_hammer":1,"sophisticatedbackpacks:copper_backpack":1,"minecraft:iron_boots":1,"minecraft:oak_fence":9,"sophisticatedbackpacks:backpack":1,"quark:blossom_planks":4,"minecraft:cooked_porkchop":12,"minecraft:crafting_table":2,"minecraft:spruce_planks":24,"minecraft:wooden_pickaxe":1,"minecraft:baked_potato":33,"minecraft:copper_ingot":26,"sophisticatedbackpacks:upgrade_base":1,"minecraft:iron_chestplate":1,"minecraft:shield":1,"minecraft:stick":80,"quark:oak_chest":3,"minecraft:iron_ingot":63,"minecraft:iron_pickaxe":10,"minecraft:gold_ingot":33,"ecologics:coconut_planks":44,"minecraft:bone_meal":3,"minecraft:iron_axe":1,"quark:spruce_chest":1,"minecraft:wheat":54,"minecraft:cooked_beef":10,"luminousworld:autumnplank":4,"minecraft:diamond_sword":1,"minecraft:iron_sword":2,"minecraft:bucket":1,"minecraft:bread":30,"minecraft:air":0,"minecraft:oak_boat":1,"minecraft:golden_apple":4,"minecraft:iron_shovel":3,"minecraft:torch":104},"minecraft:killed":{"earthmobsmod:duck":2,"enemyexpansion:equestrian":2,"minecraft:spider":5,"luminousworld:frost_bitten_skeleton":2,"undead_revamp2:theswarmer":1,"minecraft:skeleton":2,"minecraft:chicken":3,"minecraft:silverfish":5,"undead_revamp2:therod":1,"enemyexpansion:vampflyer":2,"minecraft:pig":4,"born_in_chaos_v1:diamond_termite":3,"luminousworld:crab":1,"minecraft:zombie":10,"born_in_chaos_v1:dread_hound":1,"iceandfire:dread_ghoul":1,"enemyexpansion:trollenraged":1,"luminousworld:frostbitten_zombie":4,"enemyexpansion:direwolf":2,"naturalist:duck":2,"born_in_chaos_v1:zombie_bruiser":1,"born_in_chaos_v1:maggot":2,"alexsmobs:bison":1,"undead_revamp2:sucker":6,"earthmobsmod:albino_cow":1,"earthmobsmod:bouldering_zombie":1,"undead_revamp2:the_moonflower":2,"earthmobsmod:wooly_cow":4,"undead_revamp2:thesomnolence":4,"iceandfire:ghost":4,"enemyexpansion:slugger":2},"minecraft:killed_by":{"undead_revamp2:theskeeper":1,"enemyexpansion:slugger":1,"iceandfire:ice_dragon":3,"minecraft:zombie":1,"undead_revamp2:thesomnolence":2,"undead_revamp2:thehunter":1,"enemyexpansion:botfly":1,"iceandfire:ghost":5}},"DataVersion":3465}