{"stats":{"minecraft:used":{"minecraft:bread":2,"minecraft:poppy":2,"minecraft:iron_helmet":1,"minecraft:wooden_pickaxe":17,"minecraft:iron_boots":1,"minecraft:iron_chestplate":1,"alexsmobs:animal_dictionary":1,"minecraft:iron_leggings":1},"minecraft:mined":{"minecraft:carrots":5,"minecraft:wheat":4,"minecraft:grass":3,"minecraft:blast_furnace":1,"minecraft:grass_block":1,"minecraft:stone_brick_wall":3,"minecraft:oak_log":2,"minecraft:tall_grass":3,"minecraft:stone":9},"minecraft:killed_by":{"minecraft:zombie":1},"minecraft:picked_up":{"minecraft:wheat":4,"minecraft:wooden_pickaxe":2,"minecraft:poisonous_potato":1,"minecraft:stone_brick_wall":1,"minecraft:oak_log":2,"minecraft:blast_furnace":1,"minecraft:carrot":14,"minecraft:dirt":1,"minecraft:bow":1,"minecraft:wheat_seeds":11,"minecraft:chainmail_leggings":2,"minecraft:bell":1,"minecraft:cobblestone":10},"minecraft:dropped":{"minecraft:wheat_seeds":7,"minecraft:poisonous_potato":1,"minecraft:iron_helmet":2,"minecraft:wooden_pickaxe":2,"minecraft:chainmail_leggings":2},"minecraft:custom":{"minecraft:time_since_rest":11043,"minecraft:sprint_one_cm":63346,"minecraft:damage_taken":262,"minecraft:walk_one_cm":52361,"minecraft:trigger_trapped_chest":2,"minecraft:drop":8,"minecraft:damage_dealt":15,"minecraft:interact_with_crafting_table":1,"minecraft:talked_to_villager":2,"minecraft:fly_one_cm":70367,"minecraft:open_barrel":1,"minecraft:open_chest":4,"minecraft:crouch_one_cm":104,"minecraft:play_time":16061,"minecraft:deaths":1,"minecraft:sneak_time":64,"minecraft:jump":259,"minecraft:leave_game":1,"minecraft:walk_on_water_one_cm":372,"minecraft:time_since_death":11327,"minecraft:total_world_time":16061,"minecraft:fall_one_cm":7411},"minecraft:crafted":{"minecraft:oak_planks":8,"minecraft:stick":4,"minecraft:wooden_pickaxe":1}},"DataVersion":3465}