{"stats":{"minecraft:broken":{"minecraft:iron_shovel":1,"minecraft:iron_chestplate":1,"minecraft:iron_leggings":1,"minecraft:iron_sword":1,"minecraft:iron_helmet":1},"minecraft:picked_up":{"minecraft:crafting_table":5,"luminousworld:groundpebbles_1":7,"born_in_chaos_v1:diamond_termite_shard":1,"minecraft:wheat":8,"minecraft:azure_bluet":1,"minecraft:chainmail_boots":1,"minecraft:chicken":2,"minecraft:golden_pickaxe":1,"minecraft:wooden_pickaxe":2,"minecraft:stone_brick_wall":2,"tombstone:grave_key":1,"minecraft:string":20,"minecraft:raw_copper":4,"minecraft:iron_axe":2,"minecraft:item_frame":8,"minecraft:experience_bottle":1,"minecraft:zombie_head":1,"minecraft:cobbled_deepslate":20,"minecraft:gold_nugget":55,"minecraft:smooth_stone":1,"earthmobsmod:duck_egg":1,"minecraft:beef":16,"minecraft:iron_pickaxe":2,"minecraft:spruce_slab":1,"minecraft:iron_boots":1,"minecraft:stick":1,"minecraft:raw_iron":28,"luminousworld:auburnlog":7,"minecraft:oak_door":1,"ecologics:walnut_log":4,"minecraft:torch":21,"minecraft:porkchop":1,"minecraft:spruce_fence":1,"minecraft:cookie":5,"tombstone:grave_dust":7,"minecraft:carrot":14,"minecraft:redstone":5,"minecraft:iron_horse_armor":1,"minecraft:dark_oak_planks":4,"luminousworld:grassflowers":11,"minecraft:arrow":8,"minecraft:rotten_flesh":34,"luminousworld:yellow_grassflowers":1,"artifacts:snowshoes":1,"minecraft:iron_block":3,"minecraft:gold_ingot":2,"sophisticatedbackpacks:copper_backpack":1,"supplementaries:ash":74,"minecraft:mutton":4,"undead_revamp2:arapholia":1,"minecraft:cobblestone":309,"born_in_chaos_v1:corpse_maggot":2,"ecologics:walnut_planks":4,"minecraft:cooked_beef":1,"minecraft:andesite":20,"luminousworld:ishstone":8,"minecraft:brown_wool":4,"minecraft:leather":11,"minecraft:oak_log":17,"supplementaries:flax_seeds":5,"iceandfire:ectoplasm":3,"minecraft:gunpowder":4,"minecraft:paper":3,"minecraft:lapis_lazuli":18,"minecraft:dirt":395,"minecraft:lantern":4,"minecraft:cooked_mutton":7,"minecraft:bone":33,"minecraft:apple":19,"minecraft:bow":1,"minecraft:wheat_seeds":26,"minecraft:raw_gold":4,"minecraft:bell":1,"minecraft:iron_ingot":2,"minecraft:grindstone":1,"minecraft:iron_sword":1,"luminousworld:white_petunias":2,"minecraft:oak_planks":1,"minecraft:dark_oak_stairs":12,"minecraft:smooth_basalt":1,"minecraft:dandelion":2,"minecraft:poisonous_potato":1,"luminousworld:sunset_petunias":1,"minecraft:stripped_spruce_log":1,"minecraft:blast_furnace":1,"minecraft:spruce_log":5,"minecraft:trapped_chest":1,"minecraft:spider_eye":2,"minecraft:diamond":1,"luminousworld:yellowpetunias":2,"minecraft:chainmail_leggings":2,"minecraft:bread":12,"minecraft:emerald":5,"minecraft:oak_sapling":7,"minecraft:black_wool":1,"minecraft:coal":2,"iceandfire:raw_silver":4,"minecraft:ender_pearl":1},"minecraft:used":{"minecraft:iron_shovel":396,"sophisticatedbackpacks:copper_backpack":1,"minecraft:poppy":2,"minecraft:spruce_planks":5,"minecraft:iron_sword":236,"minecraft:bell":1,"minecraft:iron_chestplate":1,"minecraft:torch":15,"minecraft:dirt":219,"born_in_chaos_v1:corpse_maggot":2,"minecraft:iron_axe":58,"minecraft:iron_helmet":1,"minecraft:iron_boots":1,"minecraft:item_frame":1,"ecologics:walnut_planks":13,"minecraft:oak_sapling":6,"tombstone:gift":4,"minecraft:cobbled_deepslate":16,"minecraft:iron_leggings":1,"minecraft:cooked_mutton":2,"minecraft:baked_potato":21,"minecraft:wooden_pickaxe":17,"minecraft:cookie":17,"minecraft:golden_apple":1,"minecraft:crafting_table":5,"minecraft:cake":1,"earthmobsmod:duck_egg":1,"minecraft:iron_pickaxe":138,"minecraft:bread":27,"minecraft:brown_wool":1,"minecraft:cobblestone":89,"vanillaplustools:iron_hammer":32,"quark:oak_chest":2,"alexsmobs:animal_dictionary":2,"minecraft:cobweb":9,"minecraft:bone_meal":3,"minecraft:experience_bottle":1},"minecraft:mined":{"minecraft:oak_sapling":1,"iceandfire:silver_ore":4,"minecraft:deepslate_diamond_ore":1,"minecraft:oak_door":1,"luminousworld:autumnleaves":1,"minecraft:stone_brick_wall":3,"minecraft:spruce_fence":1,"minecraft:grass_block":349,"iceandfire:frozen_grass":3,"luminousworld:grassvariant_2":7,"minecraft:smooth_stone":1,"luminousworld:yellow_grassflowers":1,"minecraft:carrots":5,"minecraft:iron_ore":7,"minecraft:fire":2,"minecraft:cobbled_deepslate":5,"minecraft:andesite":13,"minecraft:deepslate_iron_ore":9,"minecraft:packed_ice":3,"ecologics:walnut_log":4,"minecraft:iron_block":3,"minecraft:stone":309,"sophisticatedbackpacks:copper_backpack":1,"minecraft:deepslate_redstone_ore":3,"minecraft:crafting_table":5,"minecraft:torch":3,"minecraft:blast_furnace":1,"ecologics:walnut_leaves":1,"iceandfire:frozen_dirt":1,"luminousworld:auburnlog":7,"luminousworld:grassflowers":2,"minecraft:copper_ore":1,"minecraft:tall_grass":10,"minecraft:cobblestone":34,"minecraft:deepslate_gold_ore":4,"minecraft:grindstone":1,"minecraft:wall_torch":3,"supplementaries:urn":11,"minecraft:trapped_chest":1,"minecraft:wheat":4,"minecraft:grass":20,"minecraft:oak_log":18,"minecraft:coal_ore":2,"luminousworld:ishstone":8,"minecraft:dirt":40,"minecraft:sand":4,"luminousworld:grassvariant_3":1,"minecraft:cobweb":10,"ecologics:walnut_planks":4,"minecraft:oak_leaves":11,"minecraft:deepslate":13},"minecraft:custom":{"minecraft:mob_kills":50,"minecraft:interact_with_crafting_table":37,"minecraft:open_barrel":9,"minecraft:bell_ring":1,"minecraft:damage_dealt_resisted":10,"minecraft:eat_cake_slice":3,"minecraft:leave_game":12,"minecraft:time_since_death":7974,"minecraft:climb_one_cm":2734,"minecraft:sprint_one_cm":553013,"minecraft:walk_one_cm":490020,"minecraft:drop":64,"minecraft:talked_to_villager":11,"minecraft:play_time":222888,"minecraft:deaths":16,"minecraft:sneak_time":1934,"minecraft:walk_under_water_one_cm":10359,"minecraft:jump":3818,"minecraft:walk_on_water_one_cm":5461,"minecraft:total_world_time":222888,"minecraft:interact_with_furnace":40,"minecraft:sleep_in_bed":3,"minecraft:time_since_rest":5929,"minecraft:damage_taken":6156,"minecraft:damage_absorbed":40,"minecraft:trigger_trapped_chest":19,"minecraft:damage_dealt":11512,"minecraft:swim_one_cm":9974,"minecraft:fly_one_cm":898860,"minecraft:open_chest":69,"minecraft:crouch_one_cm":5177,"tombstone:undead_killed":30,"minecraft:fall_one_cm":120362},"minecraft:dropped":{"minecraft:bread":11,"minecraft:dark_oak_stairs":6,"minecraft:wheat_seeds":12,"luminousworld:ishstone":8,"minecraft:poisonous_potato":1,"minecraft:iron_helmet":2,"iceandfire:frozen_dirt":1,"minecraft:leather":4,"iceandfire:ectoplasm":4,"minecraft:iron_horse_armor":1,"minecraft:item_frame":6,"minecraft:music_disc_13":1,"minecraft:torch":5,"tombstone:grave_key":1,"tombstone:grave_dust":2,"minecraft:chainmail_leggings":2,"minecraft:string":6,"minecraft:dark_oak_planks":4,"minecraft:trapped_chest":1,"minecraft:smooth_basalt":1,"minecraft:redstone":5,"minecraft:cobbled_deepslate":4,"minecraft:raw_iron":13,"undead_revamp2:arapholia":1,"minecraft:rotten_flesh":21,"minecraft:iron_boots":3,"minecraft:cooked_mutton":4,"iceandfire:frozen_grass":3,"minecraft:spruce_fence":1,"minecraft:shears":1,"supplementaries:flax_seeds":2,"supplementaries:ash":50,"minecraft:gunpowder":12,"minecraft:iron_chestplate":1,"minecraft:andesite":8,"minecraft:beetroot_seeds":18,"minecraft:oak_sapling":12,"minecraft:wooden_pickaxe":2,"minecraft:black_wool":1},"minecraft:crafted":{"minecraft:oak_planks":48,"ecologics:walnut_planks":16,"minecraft:bone_meal":3,"minecraft:cooked_mutton":4,"vanillaplustools:iron_hammer":1,"sophisticatedbackpacks:copper_backpack":1,"minecraft:iron_axe":1,"quark:spruce_chest":1,"luminousworld:autumnplank":4,"sophisticatedbackpacks:backpack":1,"minecraft:crafting_table":2,"minecraft:spruce_planks":24,"minecraft:wooden_pickaxe":1,"minecraft:baked_potato":29,"minecraft:iron_sword":2,"minecraft:copper_ingot":26,"sophisticatedbackpacks:upgrade_base":1,"minecraft:air":0,"minecraft:golden_apple":4,"minecraft:stick":36,"quark:oak_chest":3,"minecraft:iron_ingot":63,"minecraft:iron_pickaxe":7,"minecraft:iron_shovel":3,"minecraft:gold_ingot":33},"minecraft:killed":{"luminousworld:frostbitten_zombie":4,"earthmobsmod:duck":2,"enemyexpansion:equestrian":2,"minecraft:spider":2,"luminousworld:frost_bitten_skeleton":2,"enemyexpansion:direwolf":1,"born_in_chaos_v1:zombie_bruiser":1,"born_in_chaos_v1:maggot":2,"minecraft:skeleton":2,"undead_revamp2:sucker":2,"minecraft:pig":1,"undead_revamp2:the_moonflower":2,"earthmobsmod:wooly_cow":4,"undead_revamp2:thesomnolence":4,"minecraft:zombie":9,"iceandfire:ghost":4,"enemyexpansion:slugger":2},"minecraft:killed_by":{"undead_revamp2:theskeeper":1,"enemyexpansion:slugger":1,"undead_revamp2:thesomnolence":2,"undead_revamp2:thehunter":1,"iceandfire:ice_dragon":2,"enemyexpansion:botfly":1,"minecraft:zombie":1,"iceandfire:ghost":4}},"DataVersion":3465}