{"stats":{"minecraft:killed":{"minecraft:spider":1,"born_in_chaos_v1:maggot":1,"minecraft:skeleton":2,"undead_revamp2:thesomnolence":1,"minecraft:zombie":2,"enemyexpansion:slugger":2},"minecraft:used":{"minecraft:baked_potato":8,"minecraft:poppy":2,"minecraft:wooden_pickaxe":17,"minecraft:iron_sword":50,"minecraft:bell":1,"minecraft:iron_chestplate":1,"minecraft:torch":2,"minecraft:golden_apple":1,"minecraft:bread":3,"minecraft:iron_pickaxe":38,"minecraft:iron_helmet":1,"minecraft:iron_boots":1,"minecraft:cobblestone":10,"minecraft:oak_sapling":4,"tombstone:gift":2,"alexsmobs:animal_dictionary":1,"minecraft:cobbled_deepslate":9,"minecraft:iron_leggings":1},"minecraft:mined":{"minecraft:deepslate_redstone_ore":3,"minecraft:deepslate_diamond_ore":1,"minecraft:torch":2,"minecraft:blast_furnace":1,"minecraft:stone_brick_wall":3,"minecraft:grass_block":1,"ecologics:walnut_leaves":1,"luminousworld:grassflowers":1,"minecraft:tall_grass":3,"minecraft:deepslate_gold_ore":4,"supplementaries:urn":2,"minecraft:carrots":5,"minecraft:iron_ore":5,"minecraft:wheat":4,"minecraft:grass":3,"minecraft:oak_log":2,"minecraft:coal_ore":2,"minecraft:deepslate_iron_ore":9,"ecologics:walnut_log":4,"minecraft:stone":9,"minecraft:deepslate":13},"minecraft:killed_by":{"minecraft:zombie":1,"enemyexpansion:slugger":1},"minecraft:picked_up":{"born_in_chaos_v1:corpse_maggot":1,"minecraft:wheat":4,"minecraft:wooden_pickaxe":2,"minecraft:stone_brick_wall":1,"minecraft:oak_log":2,"tombstone:grave_key":1,"minecraft:gunpowder":2,"minecraft:dirt":1,"minecraft:string":2,"minecraft:bone":4,"minecraft:bow":1,"minecraft:wheat_seeds":11,"minecraft:cobbled_deepslate":14,"minecraft:raw_gold":4,"minecraft:bell":1,"minecraft:raw_iron":13,"ecologics:walnut_log":4,"minecraft:torch":2,"minecraft:poisonous_potato":1,"tombstone:grave_dust":1,"minecraft:blast_furnace":1,"minecraft:carrot":14,"minecraft:redstone":5,"minecraft:spider_eye":1,"luminousworld:grassflowers":1,"minecraft:arrow":2,"minecraft:rotten_flesh":6,"minecraft:diamond":1,"minecraft:chainmail_leggings":2,"supplementaries:ash":10,"minecraft:coal":2,"minecraft:cobblestone":10},"minecraft:dropped":{"minecraft:wheat_seeds":7,"minecraft:poisonous_potato":1,"minecraft:iron_helmet":2,"minecraft:music_disc_13":1,"tombstone:grave_key":1,"minecraft:wooden_pickaxe":2,"minecraft:chainmail_leggings":2},"minecraft:custom":{"minecraft:interact_with_furnace":19,"minecraft:mob_kills":10,"minecraft:interact_with_crafting_table":8,"minecraft:open_barrel":3,"minecraft:bell_ring":1,"minecraft:damage_dealt_resisted":10,"minecraft:leave_game":1,"minecraft:time_since_death":6871,"minecraft:time_since_rest":6713,"minecraft:sprint_one_cm":156121,"minecraft:damage_absorbed":40,"minecraft:damage_taken":1284,"minecraft:walk_one_cm":135266,"minecraft:trigger_trapped_chest":14,"minecraft:drop":10,"minecraft:damage_dealt":2402,"minecraft:talked_to_villager":2,"minecraft:fly_one_cm":157774,"minecraft:open_chest":6,"minecraft:crouch_one_cm":833,"minecraft:play_time":40061,"tombstone:undead_killed":6,"minecraft:deaths":3,"minecraft:sneak_time":416,"minecraft:jump":684,"minecraft:walk_on_water_one_cm":475,"minecraft:total_world_time":40061,"minecraft:fall_one_cm":27702},"minecraft:crafted":{"minecraft:oak_planks":8,"minecraft:wooden_pickaxe":1,"ecologics:walnut_planks":16,"minecraft:baked_potato":25,"minecraft:iron_sword":1,"minecraft:copper_ingot":26,"minecraft:air":0,"minecraft:golden_apple":4,"minecraft:iron_axe":1,"minecraft:stick":12,"minecraft:iron_ingot":63,"minecraft:iron_pickaxe":3,"minecraft:gold_ingot":33}},"DataVersion":3465}