{"stats":{"minecraft:broken":{"minecraft:iron_shovel":1,"vanillaplustools:iron_hammer":1,"minecraft:iron_chestplate":1,"minecraft:iron_leggings":1,"minecraft:iron_sword":2,"aether:iron_gloves":1,"minecraft:iron_pickaxe":1,"minecraft:iron_helmet":2},"minecraft:picked_up":{"iceandfire:dread_stone_bricks":1,"minecraft:wheat":21,"minecraft:chainmail_boots":2,"minecraft:smithing_table":1,"minecraft:diamond_sword":2,"tombstone:grave_key":1,"born_in_chaos_v1:black_argillite":42,"minecraft:string":36,"minecraft:raw_copper":59,"minecraft:experience_bottle":2,"minecraft:zombie_head":2,"minecraft:cobbled_deepslate":337,"minecraft:gold_nugget":55,"minecraft:smooth_stone":1,"earthmobsmod:duck_egg":1,"minecraft:iron_pickaxe":2,"minecraft:furnace":2,"minecraft:iron_boots":2,"minecraft:stick":1,"luminousworld:auburnlog":7,"ecologics:walnut_log":4,"minecraft:oak_fence":1,"minecraft:torch":59,"quark:blossom_log":1,"minecraft:porkchop":12,"tombstone:grave_dust":12,"minecraft:diorite":168,"luminousworld:grassflowers":11,"minecraft:rotten_flesh":42,"luminousworld:yellow_grassflowers":1,"supplementaries:antique_ink":4,"ecologics:coconut_log":11,"minecraft:iron_block":3,"supplementaries:ash":91,"minecraft:obsidian":4,"undead_revamp2:arapholia":1,"minecraft:cobblestone":1325,"ecologics:walnut_planks":6,"minecraft:feather":3,"minecraft:cooked_beef":1,"minecraft:water_bucket":1,"minecraft:andesite":148,"minecraft:brown_wool":4,"alexsmobs:bison_fur":1,"supplementaries:flax_seeds":9,"minecraft:lapis_lazuli":91,"minecraft:dirt":406,"minecraft:lantern":5,"born_in_chaos_v1:monster_skin":1,"minecraft:bone":68,"minecraft:bow":1,"minecraft:wheat_seeds":68,"minecraft:raw_gold":7,"minecraft:bell":1,"minecraft:grindstone":1,"minecraft:honeycomb":3,"minecraft:oak_planks":2,"minecraft:poisonous_potato":1,"minecraft:sand":1,"minecraft:stripped_spruce_log":1,"minecraft:trapped_chest":1,"minecraft:bundle":2,"born_in_chaos_v1:fire_dust":2,"minecraft:diamond":2,"luminousworld:yellowpetunias":2,"iceandfire:dread_stone_bricks_mossy":1,"minecraft:granite":10,"minecraft:emerald":18,"minecraft:bread":12,"minecraft:oak_sapling":7,"iceandfire:raw_silver":11,"minecraft:crafting_table":11,"luminousworld:groundpebbles_1":7,"born_in_chaos_v1:diamond_termite_shard":3,"minecraft:azure_bluet":1,"minecraft:chicken":5,"born_in_chaos_v1:river_mint":4,"minecraft:golden_pickaxe":1,"minecraft:wooden_pickaxe":2,"minecraft:stone_brick_wall":6,"minecraft:iron_axe":3,"minecraft:item_frame":8,"minecraft:beef":26,"minecraft:oak_boat":1,"minecraft:poppy":1,"minecraft:spruce_slab":1,"minecraft:raw_iron":45,"minecraft:stone":2,"naturalist:duck":2,"minecraft:oak_door":1,"minecraft:copper_ingot":5,"minecraft:spruce_fence":1,"minecraft:stone_button":3,"minecraft:cookie":5,"minecraft:carrot":14,"minecraft:redstone":51,"minecraft:iron_horse_armor":1,"minecraft:dark_oak_planks":4,"minecraft:arrow":8,"artifacts:snowshoes":1,"minecraft:hay_block":6,"minecraft:gold_ingot":2,"sophisticatedbackpacks:copper_backpack":3,"minecraft:mutton":4,"minecraft:oxeye_daisy":2,"born_in_chaos_v1:corpse_maggot":4,"born_in_chaos_v1:monster_flesh":1,"luminousworld:ishstone":71,"minecraft:leather":18,"minecraft:oak_log":17,"iceandfire:ectoplasm":3,"iceandfire:dread_stone_bricks_cracked":3,"minecraft:gunpowder":8,"minecraft:paper":3,"vanillaplustools:iron_hammer":1,"minecraft:cooked_mutton":7,"minecraft:apple":19,"minecraft:stone_bricks":5,"minecraft:iron_ingot":2,"luminousworld:white_petunias":3,"minecraft:iron_sword":2,"minecraft:dark_oak_stairs":12,"minecraft:smooth_basalt":1,"minecraft:dandelion":2,"luminousworld:sunset_petunias":1,"minecraft:spruce_sapling":1,"minecraft:blast_furnace":2,"minecraft:white_bed":9,"minecraft:spruce_log":17,"minecraft:dark_oak_fence_gate":1,"minecraft:spider_eye":3,"minecraft:slime_ball":2,"minecraft:chainmail_leggings":2,"minecraft:black_wool":1,"minecraft:coal":46,"minecraft:ender_pearl":1},"minecraft:used":{"minecraft:iron_shovel":403,"sophisticatedbackpacks:copper_backpack":2,"minecraft:poppy":2,"minecraft:shield":17,"minecraft:iron_sword":330,"minecraft:bell":1,"minecraft:iron_chestplate":1,"born_in_chaos_v1:corpse_maggot":4,"minecraft:iron_helmet":1,"minecraft:item_frame":1,"ecologics:walnut_planks":13,"minecraft:oak_sapling":6,"minecraft:furnace":2,"minecraft:wooden_pickaxe":17,"minecraft:cookie":17,"minecraft:golden_apple":1,"earthmobsmod:duck_egg":1,"born_in_chaos_v1:monster_flesh":1,"minecraft:zombie_head":1,"minecraft:bread":68,"minecraft:brown_wool":1,"minecraft:diamond_sword":166,"minecraft:oak_boat":1,"minecraft:bone_meal":3,"minecraft:cobweb":9,"minecraft:experience_bottle":2,"minecraft:oak_fence":9,"minecraft:spruce_planks":5,"minecraft:cooked_chicken":4,"minecraft:torch":136,"minecraft:dirt":401,"minecraft:iron_axe":122,"minecraft:iron_boots":1,"tombstone:gift":6,"minecraft:cobbled_deepslate":52,"minecraft:iron_leggings":1,"minecraft:cooked_mutton":2,"minecraft:water_bucket":9,"minecraft:baked_potato":25,"minecraft:crafting_table":15,"minecraft:white_bed":8,"minecraft:cake":1,"minecraft:diamond_pickaxe":4,"minecraft:iron_pickaxe":393,"minecraft:spruce_sapling":1,"minecraft:cobblestone":406,"vanillaplustools:iron_hammer":305,"minecraft:cooked_porkchop":4,"minecraft:bucket":10,"quark:oak_chest":3,"alexsmobs:animal_dictionary":2},"minecraft:mined":{"luminousworld:white_petunias":1,"minecraft:white_bed":9,"minecraft:oak_sapling":1,"luminousworld:yellowpetunias":1,"luminousworld:autumnleaves":1,"minecraft:obsidian":4,"minecraft:granite":11,"minecraft:grass_block":350,"minecraft:stone_brick_wall":3,"ecologics:coconut_leaves":2,"minecraft:spawner":1,"minecraft:smooth_stone":1,"minecraft:iron_ore":22,"minecraft:cobbled_deepslate":7,"minecraft:fire":2,"minecraft:deepslate_lapis_ore":10,"ecologics:walnut_log":4,"iceandfire:dread_stone_bricks_cracked":3,"minecraft:iron_block":3,"sophisticatedbackpacks:copper_backpack":2,"minecraft:deepslate_redstone_ore":4,"minecraft:torch":8,"minecraft:blast_furnace":2,"quark:blossom_log":1,"iceandfire:frozen_dirt":1,"minecraft:cobblestone":101,"minecraft:grindstone":1,"minecraft:sugar_cane":6,"minecraft:wall_torch":11,"minecraft:wheat":17,"minecraft:grass":24,"iceandfire:dread_stone_bricks_mossy":1,"minecraft:oak_log":18,"minecraft:sand":5,"minecraft:dirt":53,"luminousworld:grassvariant_3":3,"minecraft:oak_leaves":12,"iceandfire:dread_stone_bricks":1,"minecraft:deepslate":335,"iceandfire:silver_ore":11,"minecraft:deepslate_diamond_ore":2,"minecraft:oak_door":1,"born_in_chaos_v1:infected_diamond_ore":5,"minecraft:spruce_fence":1,"iceandfire:frozen_grass":3,"born_in_chaos_v1:black_argillite":48,"luminousworld:grassvariant_2":10,"ecologics:coconut_log":11,"minecraft:spruce_leaves":5,"minecraft:hay_block":8,"luminousworld:sunset_petunias":1,"minecraft:redstone_ore":9,"minecraft:furnace":1,"minecraft:carrots":5,"luminousworld:yellow_grassflowers":1,"minecraft:andesite":214,"minecraft:deepslate_iron_ore":14,"minecraft:packed_ice":4,"minecraft:stone":1801,"minecraft:white_wool":4,"minecraft:smithing_table":1,"minecraft:oak_fence":1,"minecraft:crafting_table":11,"minecraft:emerald_ore":1,"ecologics:walnut_leaves":1,"luminousworld:auburnlog":7,"luminousworld:grassflowers":2,"minecraft:tall_grass":10,"minecraft:copper_ore":19,"minecraft:lapis_ore":5,"minecraft:deepslate_gold_ore":7,"minecraft:diorite":125,"supplementaries:urn":27,"minecraft:trapped_chest":1,"minecraft:ice":1,"minecraft:spruce_log":12,"minecraft:coal_ore":34,"ecologics:hanging_coconut":1,"luminousworld:ishstone":74,"minecraft:cobweb":20,"ecologics:walnut_planks":7,"minecraft:gold_ore":1,"minecraft:infested_stone":2},"minecraft:custom":{"minecraft:interact_with_crafting_table":70,"minecraft:open_barrel":16,"minecraft:bell_ring":1,"minecraft:eat_cake_slice":5,"minecraft:leave_game":17,"minecraft:time_since_death":14126,"minecraft:sprint_one_cm":975869,"minecraft:damage_blocked_by_shield":245,"minecraft:drop":147,"minecraft:talked_to_villager":15,"minecraft:play_time":397100,"minecraft:deaths":20,"minecraft:jump":6663,"minecraft:walk_on_water_one_cm":53722,"minecraft:interact_with_furnace":64,"minecraft:interact_with_cartography_table":3,"minecraft:sleep_in_bed":11,"minecraft:damage_dealt":21514,"minecraft:crouch_one_cm":37063,"tombstone:undead_killed":48,"minecraft:interact_with_smithing_table":2,"minecraft:mob_kills":105,"minecraft:damage_dealt_resisted":131,"minecraft:climb_one_cm":3959,"minecraft:walk_one_cm":840283,"minecraft:sneak_time":12018,"minecraft:walk_under_water_one_cm":24326,"minecraft:boat_one_cm":16740,"minecraft:total_world_time":397100,"minecraft:time_since_rest":11727,"minecraft:damage_taken":9604,"minecraft:damage_absorbed":40,"minecraft:trigger_trapped_chest":19,"minecraft:swim_one_cm":18961,"minecraft:fly_one_cm":1555004,"minecraft:open_chest":128,"minecraft:fall_one_cm":196080},"minecraft:dropped":{"minecraft:dark_oak_stairs":6,"luminousworld:yellowpetunias":2,"luminousworld:white_petunias":3,"iceandfire:frozen_dirt":1,"minecraft:leather":4,"iceandfire:ectoplasm":4,"minecraft:iron_horse_armor":1,"iceandfire:dread_stone_bricks_cracked":3,"alexsmobs:bison_fur":1,"minecraft:item_frame":6,"minecraft:music_disc_13":1,"minecraft:dirt":7,"minecraft:stone_button":4,"iceandfire:dread_stone_bricks":1,"minecraft:gold_nugget":2,"minecraft:sand":1,"vanillaplustools:iron_hammer":1,"minecraft:dark_oak_planks":4,"minecraft:bone":10,"minecraft:compass":1,"born_in_chaos_v1:fire_dust":1,"minecraft:cobbled_deepslate":65,"minecraft:wheat":1,"undead_revamp2:arapholia":1,"minecraft:rotten_flesh":28,"minecraft:cooked_mutton":4,"minecraft:azure_bluet":1,"iceandfire:frozen_grass":3,"supplementaries:antique_ink":4,"iceandfire:dread_stone_bricks_mossy":1,"minecraft:poppy":1,"supplementaries:flax_seeds":4,"supplementaries:ash":67,"luminousworld:grassflowers":10,"minecraft:gunpowder":12,"minecraft:beetroot_seeds":18,"minecraft:stone_brick_wall":4,"minecraft:chainmail_boots":1,"minecraft:arrow":1,"minecraft:bread":11,"minecraft:wheat_seeds":14,"luminousworld:ishstone":71,"minecraft:poisonous_potato":1,"minecraft:iron_helmet":2,"minecraft:cobblestone":587,"minecraft:granite":10,"minecraft:copper_ingot":3,"minecraft:stick":1,"minecraft:oxeye_daisy":2,"born_in_chaos_v1:river_mint":4,"minecraft:diorite":168,"minecraft:torch":5,"tombstone:grave_key":1,"minecraft:zombie_head":1,"tombstone:grave_dust":7,"minecraft:iron_leggings":1,"minecraft:chainmail_leggings":2,"minecraft:paper":3,"minecraft:string":6,"minecraft:trapped_chest":1,"minecraft:dandelion":2,"minecraft:smooth_basalt":1,"minecraft:redstone":5,"ecologics:coconut_planks":4,"minecraft:raw_iron":13,"minecraft:iron_boots":4,"minecraft:spruce_fence":1,"minecraft:shears":1,"luminousworld:yellow_grassflowers":1,"minecraft:diamond_sword":1,"minecraft:stone":2,"minecraft:iron_chestplate":1,"minecraft:andesite":136,"minecraft:oak_sapling":12,"minecraft:spider_eye":2,"sophisticatedbackpacks:copper_backpack":1,"minecraft:wooden_pickaxe":2,"minecraft:black_wool":1},"minecraft:crafted":{"minecraft:oak_planks":68,"ecologics:walnut_planks":16,"minecraft:cooked_chicken":4,"minecraft:cooked_mutton":4,"vanillaplustools:iron_hammer":2,"sophisticatedbackpacks:copper_backpack":1,"minecraft:iron_boots":1,"minecraft:oak_fence":9,"sophisticatedbackpacks:backpack":2,"quark:blossom_planks":4,"minecraft:cooked_porkchop":12,"minecraft:crafting_table":4,"minecraft:spruce_planks":48,"minecraft:wooden_pickaxe":1,"minecraft:baked_potato":33,"minecraft:copper_ingot":26,"sophisticatedbackpacks:upgrade_base":1,"minecraft:iron_chestplate":1,"minecraft:diamond_pickaxe":1,"minecraft:shield":1,"minecraft:stick":84,"quark:oak_chest":3,"minecraft:iron_ingot":63,"minecraft:iron_pickaxe":17,"minecraft:gold_ingot":34,"ecologics:coconut_planks":44,"minecraft:furnace":1,"minecraft:bone_meal":3,"minecraft:iron_axe":1,"quark:spruce_chest":2,"minecraft:wheat":54,"sophisticatedbackpacks:iron_backpack":1,"minecraft:cooked_beef":10,"luminousworld:autumnplank":4,"minecraft:diamond_sword":1,"minecraft:iron_sword":2,"sophisticatedbackpacks:gold_backpack":1,"minecraft:bucket":1,"minecraft:bread":30,"minecraft:air":0,"minecraft:oak_boat":1,"minecraft:golden_apple":4,"minecraft:iron_shovel":3,"minecraft:torch":104},"minecraft:killed":{"earthmobsmod:duck":2,"enemyexpansion:equestrian":2,"minecraft:spider":6,"luminousworld:frost_bitten_skeleton":2,"undead_revamp2:theswarmer":1,"minecraft:skeleton":2,"minecraft:chicken":3,"minecraft:silverfish":5,"undead_revamp2:therod":1,"alexsmobs:centipede_head":1,"enemyexpansion:vampflyer":3,"minecraft:pig":4,"born_in_chaos_v1:diamond_termite":3,"luminousworld:crab":1,"minecraft:zombie":13,"born_in_chaos_v1:dread_hound":1,"iceandfire:dread_ghoul":1,"enemyexpansion:trollenraged":1,"luminousworld:frostbitten_zombie":4,"minecraft:slime":4,"enemyexpansion:direwolf":3,"naturalist:duck":2,"born_in_chaos_v1:zombie_bruiser":1,"born_in_chaos_v1:maggot":2,"alexsmobs:bison":1,"undead_revamp2:sucker":6,"earthmobsmod:albino_cow":1,"earthmobsmod:bouldering_zombie":1,"born_in_chaos_v1:baby_skeleton":1,"undead_revamp2:the_moonflower":3,"enemyexpansion:sprinter":1,"earthmobsmod:wooly_cow":4,"undead_revamp2:thesomnolence":4,"iceandfire:ghost":4,"enemyexpansion:slugger":2},"minecraft:killed_by":{"undead_revamp2:theskeeper":1,"undead_revamp2:the_moonflower":1,"enemyexpansion:slugger":1,"iceandfire:ice_dragon":3,"minecraft:zombie":1,"enemyexpansion:trollenraged":1,"undead_revamp2:thesomnolence":2,"undead_revamp2:thehunter":1,"enemyexpansion:botfly":1,"iceandfire:ghost":5}},"DataVersion":3465}