{"stats":{"minecraft:broken":{"minecraft:iron_shovel":1,"minecraft:iron_chestplate":1,"minecraft:iron_leggings":1,"minecraft:iron_sword":1,"minecraft:iron_helmet":1},"minecraft:picked_up":{"minecraft:crafting_table":8,"luminousworld:groundpebbles_1":7,"born_in_chaos_v1:diamond_termite_shard":1,"minecraft:wheat":21,"minecraft:azure_bluet":1,"minecraft:chainmail_boots":1,"minecraft:chicken":5,"minecraft:golden_pickaxe":1,"minecraft:smithing_table":1,"minecraft:wooden_pickaxe":2,"minecraft:stone_brick_wall":6,"tombstone:grave_key":1,"minecraft:string":26,"minecraft:raw_copper":4,"minecraft:iron_axe":2,"minecraft:item_frame":8,"minecraft:experience_bottle":2,"minecraft:zombie_head":1,"minecraft:smooth_stone":1,"minecraft:gold_nugget":55,"minecraft:cobbled_deepslate":20,"earthmobsmod:duck_egg":1,"minecraft:beef":26,"minecraft:oak_boat":1,"minecraft:poppy":1,"minecraft:iron_pickaxe":2,"minecraft:spruce_slab":1,"minecraft:iron_boots":1,"minecraft:raw_iron":28,"minecraft:stick":1,"naturalist:duck":2,"luminousworld:auburnlog":7,"minecraft:oak_door":1,"ecologics:walnut_log":4,"minecraft:oak_fence":1,"minecraft:copper_ingot":1,"minecraft:torch":24,"minecraft:spruce_fence":1,"minecraft:porkchop":12,"quark:blossom_log":1,"minecraft:stone_button":3,"minecraft:cookie":5,"tombstone:grave_dust":7,"minecraft:carrot":14,"minecraft:redstone":5,"minecraft:iron_horse_armor":1,"minecraft:dark_oak_planks":4,"luminousworld:grassflowers":11,"minecraft:arrow":8,"minecraft:rotten_flesh":34,"luminousworld:yellow_grassflowers":1,"minecraft:hay_block":6,"artifacts:snowshoes":1,"ecologics:coconut_log":11,"minecraft:iron_block":3,"minecraft:gold_ingot":2,"sophisticatedbackpacks:copper_backpack":2,"supplementaries:ash":75,"minecraft:mutton":4,"undead_revamp2:arapholia":1,"minecraft:cobblestone":314,"ecologics:walnut_planks":6,"born_in_chaos_v1:corpse_maggot":2,"minecraft:feather":3,"minecraft:cooked_beef":1,"born_in_chaos_v1:monster_flesh":1,"minecraft:andesite":20,"luminousworld:ishstone":8,"minecraft:leather":18,"minecraft:brown_wool":4,"alexsmobs:bison_fur":1,"minecraft:oak_log":17,"supplementaries:flax_seeds":5,"iceandfire:ectoplasm":3,"minecraft:gunpowder":4,"minecraft:lapis_lazuli":18,"minecraft:dirt":399,"minecraft:paper":3,"minecraft:lantern":5,"born_in_chaos_v1:monster_skin":1,"minecraft:cooked_mutton":7,"minecraft:bone":33,"minecraft:apple":19,"minecraft:stone_bricks":5,"minecraft:bow":1,"minecraft:wheat_seeds":67,"minecraft:raw_gold":4,"minecraft:bell":1,"minecraft:grindstone":1,"minecraft:iron_ingot":2,"luminousworld:white_petunias":3,"minecraft:oak_planks":2,"minecraft:iron_sword":2,"minecraft:dark_oak_stairs":12,"minecraft:smooth_basalt":1,"minecraft:dandelion":2,"minecraft:poisonous_potato":1,"luminousworld:sunset_petunias":1,"minecraft:stripped_spruce_log":1,"minecraft:spruce_sapling":1,"minecraft:blast_furnace":1,"minecraft:white_bed":2,"minecraft:spruce_log":17,"minecraft:dark_oak_fence_gate":1,"minecraft:trapped_chest":1,"minecraft:spider_eye":2,"minecraft:diamond":1,"luminousworld:yellowpetunias":2,"minecraft:chainmail_leggings":2,"minecraft:emerald":6,"minecraft:bread":12,"minecraft:oak_sapling":7,"minecraft:black_wool":1,"minecraft:coal":21,"iceandfire:raw_silver":4,"minecraft:ender_pearl":1},"minecraft:used":{"minecraft:oak_fence":9,"minecraft:iron_shovel":402,"sophisticatedbackpacks:copper_backpack":2,"minecraft:poppy":2,"minecraft:spruce_planks":5,"minecraft:iron_sword":290,"minecraft:bell":1,"minecraft:cooked_chicken":2,"minecraft:iron_chestplate":1,"minecraft:torch":17,"minecraft:dirt":401,"born_in_chaos_v1:corpse_maggot":2,"minecraft:iron_axe":109,"minecraft:iron_helmet":1,"minecraft:iron_boots":1,"minecraft:item_frame":1,"ecologics:walnut_planks":13,"minecraft:oak_sapling":6,"tombstone:gift":4,"minecraft:cobbled_deepslate":16,"minecraft:iron_leggings":1,"minecraft:cooked_mutton":2,"minecraft:baked_potato":21,"minecraft:wooden_pickaxe":17,"minecraft:cookie":17,"minecraft:golden_apple":1,"minecraft:crafting_table":9,"minecraft:white_bed":1,"minecraft:cake":1,"earthmobsmod:duck_egg":1,"born_in_chaos_v1:monster_flesh":1,"minecraft:iron_pickaxe":162,"minecraft:bread":36,"minecraft:brown_wool":1,"minecraft:cobblestone":113,"vanillaplustools:iron_hammer":32,"minecraft:bucket":1,"quark:oak_chest":2,"minecraft:oak_boat":1,"alexsmobs:animal_dictionary":2,"minecraft:cobweb":9,"minecraft:bone_meal":3,"minecraft:experience_bottle":2},"minecraft:mined":{"luminousworld:white_petunias":1,"minecraft:white_bed":2,"iceandfire:silver_ore":4,"minecraft:oak_sapling":1,"luminousworld:yellowpetunias":1,"minecraft:deepslate_diamond_ore":1,"minecraft:oak_door":1,"luminousworld:autumnleaves":1,"minecraft:stone_brick_wall":3,"minecraft:spruce_fence":1,"minecraft:grass_block":349,"iceandfire:frozen_grass":3,"ecologics:coconut_leaves":2,"luminousworld:grassvariant_2":9,"ecologics:coconut_log":11,"minecraft:spruce_leaves":5,"minecraft:hay_block":8,"minecraft:smooth_stone":1,"luminousworld:sunset_petunias":1,"luminousworld:yellow_grassflowers":1,"minecraft:carrots":5,"minecraft:iron_ore":7,"minecraft:fire":2,"minecraft:cobbled_deepslate":5,"minecraft:andesite":13,"minecraft:deepslate_iron_ore":9,"minecraft:packed_ice":4,"ecologics:walnut_log":4,"minecraft:iron_block":3,"minecraft:stone":311,"sophisticatedbackpacks:copper_backpack":2,"minecraft:smithing_table":1,"minecraft:deepslate_redstone_ore":3,"minecraft:oak_fence":1,"minecraft:torch":3,"minecraft:crafting_table":8,"minecraft:blast_furnace":1,"ecologics:walnut_leaves":1,"iceandfire:frozen_dirt":1,"luminousworld:auburnlog":7,"quark:blossom_log":1,"luminousworld:grassflowers":2,"minecraft:copper_ore":1,"minecraft:tall_grass":10,"minecraft:cobblestone":37,"minecraft:deepslate_gold_ore":4,"minecraft:grindstone":1,"minecraft:sugar_cane":6,"minecraft:wall_torch":4,"supplementaries:urn":11,"minecraft:trapped_chest":1,"minecraft:wheat":17,"minecraft:ice":1,"minecraft:spruce_log":12,"minecraft:grass":23,"minecraft:coal_ore":21,"minecraft:oak_log":18,"ecologics:hanging_coconut":1,"luminousworld:ishstone":8,"minecraft:dirt":45,"minecraft:sand":4,"luminousworld:grassvariant_3":2,"minecraft:cobweb":12,"ecologics:walnut_planks":7,"minecraft:oak_leaves":12,"minecraft:deepslate":13},"minecraft:dropped":{"minecraft:bread":11,"minecraft:dark_oak_stairs":6,"minecraft:wheat_seeds":13,"luminousworld:ishstone":8,"luminousworld:white_petunias":3,"minecraft:poisonous_potato":1,"minecraft:iron_helmet":2,"iceandfire:frozen_dirt":1,"minecraft:leather":4,"iceandfire:ectoplasm":4,"minecraft:iron_horse_armor":1,"minecraft:copper_ingot":1,"alexsmobs:bison_fur":1,"minecraft:item_frame":6,"minecraft:music_disc_13":1,"minecraft:stone_button":4,"minecraft:torch":5,"tombstone:grave_key":1,"tombstone:grave_dust":2,"minecraft:gold_nugget":2,"minecraft:chainmail_leggings":2,"minecraft:string":6,"minecraft:dark_oak_planks":4,"minecraft:trapped_chest":1,"minecraft:smooth_basalt":1,"minecraft:redstone":5,"ecologics:coconut_planks":4,"minecraft:cobbled_deepslate":4,"minecraft:wheat":1,"minecraft:raw_iron":13,"undead_revamp2:arapholia":1,"minecraft:rotten_flesh":21,"minecraft:iron_boots":3,"minecraft:azure_bluet":1,"minecraft:cooked_mutton":4,"iceandfire:frozen_grass":3,"minecraft:spruce_fence":1,"minecraft:shears":1,"luminousworld:yellow_grassflowers":1,"minecraft:poppy":1,"supplementaries:flax_seeds":2,"supplementaries:ash":51,"minecraft:gunpowder":12,"minecraft:beetroot_seeds":18,"minecraft:iron_chestplate":1,"minecraft:andesite":8,"minecraft:stone_brick_wall":4,"minecraft:oak_sapling":12,"minecraft:spider_eye":1,"minecraft:arrow":1,"minecraft:wooden_pickaxe":2,"minecraft:black_wool":1},"minecraft:custom":{"minecraft:interact_with_smithing_table":2,"minecraft:mob_kills":64,"minecraft:interact_with_crafting_table":44,"minecraft:open_barrel":10,"minecraft:bell_ring":1,"minecraft:damage_dealt_resisted":10,"minecraft:eat_cake_slice":5,"minecraft:leave_game":13,"minecraft:time_since_death":7432,"minecraft:climb_one_cm":3959,"minecraft:sprint_one_cm":762280,"minecraft:walk_one_cm":615358,"minecraft:drop":85,"minecraft:talked_to_villager":12,"minecraft:play_time":278960,"minecraft:deaths":17,"minecraft:sneak_time":2560,"minecraft:walk_under_water_one_cm":11175,"minecraft:boat_one_cm":16740,"minecraft:jump":4965,"minecraft:walk_on_water_one_cm":12405,"minecraft:total_world_time":278960,"minecraft:interact_with_furnace":54,"minecraft:sleep_in_bed":7,"minecraft:time_since_rest":1666,"minecraft:damage_taken":6654,"minecraft:damage_absorbed":40,"minecraft:trigger_trapped_chest":19,"minecraft:damage_dealt":13421,"minecraft:swim_one_cm":11379,"minecraft:fly_one_cm":1217159,"minecraft:open_chest":99,"minecraft:crouch_one_cm":6981,"tombstone:undead_killed":30,"minecraft:fall_one_cm":152733},"minecraft:crafted":{"minecraft:oak_planks":68,"ecologics:coconut_planks":4,"ecologics:walnut_planks":16,"minecraft:cooked_chicken":4,"minecraft:bone_meal":3,"minecraft:cooked_mutton":4,"vanillaplustools:iron_hammer":1,"sophisticatedbackpacks:copper_backpack":1,"minecraft:iron_axe":1,"quark:spruce_chest":1,"minecraft:oak_fence":9,"minecraft:wheat":54,"luminousworld:autumnplank":4,"sophisticatedbackpacks:backpack":1,"quark:blossom_planks":4,"minecraft:crafting_table":2,"minecraft:spruce_planks":24,"minecraft:wooden_pickaxe":1,"minecraft:baked_potato":29,"minecraft:iron_sword":2,"minecraft:copper_ingot":26,"minecraft:bucket":1,"sophisticatedbackpacks:upgrade_base":1,"minecraft:bread":30,"minecraft:air":0,"minecraft:oak_boat":1,"minecraft:golden_apple":4,"minecraft:stick":40,"quark:oak_chest":3,"minecraft:iron_ingot":63,"minecraft:iron_pickaxe":7,"minecraft:iron_shovel":3,"minecraft:gold_ingot":33},"minecraft:killed":{"luminousworld:frostbitten_zombie":4,"earthmobsmod:duck":2,"enemyexpansion:equestrian":2,"minecraft:spider":4,"luminousworld:frost_bitten_skeleton":2,"enemyexpansion:direwolf":1,"naturalist:duck":2,"born_in_chaos_v1:zombie_bruiser":1,"born_in_chaos_v1:maggot":2,"minecraft:skeleton":2,"minecraft:chicken":3,"alexsmobs:bison":1,"undead_revamp2:sucker":2,"earthmobsmod:albino_cow":1,"minecraft:pig":4,"undead_revamp2:the_moonflower":2,"earthmobsmod:wooly_cow":4,"luminousworld:crab":1,"undead_revamp2:thesomnolence":4,"born_in_chaos_v1:dread_hound":1,"minecraft:zombie":9,"iceandfire:ghost":4,"enemyexpansion:slugger":2},"minecraft:killed_by":{"undead_revamp2:theskeeper":1,"enemyexpansion:slugger":1,"undead_revamp2:thesomnolence":2,"undead_revamp2:thehunter":1,"iceandfire:ice_dragon":3,"enemyexpansion:botfly":1,"minecraft:zombie":1,"iceandfire:ghost":4}},"DataVersion":3465}