{"stats":{"minecraft:killed":{"luminousworld:frostbitten_zombie":4,"earthmobsmod:duck":1,"minecraft:spider":2,"luminousworld:frost_bitten_skeleton":2,"born_in_chaos_v1:zombie_bruiser":1,"born_in_chaos_v1:maggot":1,"minecraft:skeleton":2,"earthmobsmod:wooly_cow":4,"undead_revamp2:thesomnolence":1,"minecraft:zombie":4,"enemyexpansion:slugger":2},"minecraft:killed_by":{"enemyexpansion:slugger":1,"iceandfire:ice_dragon":2,"minecraft:zombie":1},"minecraft:mined":{"minecraft:deepslate_diamond_ore":1,"minecraft:oak_door":1,"minecraft:stone_brick_wall":3,"minecraft:grass_block":1,"minecraft:spruce_fence":1,"minecraft:smooth_stone":1,"minecraft:carrots":5,"minecraft:iron_ore":5,"minecraft:fire":2,"minecraft:cobbled_deepslate":5,"minecraft:deepslate_iron_ore":9,"minecraft:packed_ice":3,"ecologics:walnut_log":4,"minecraft:stone":39,"minecraft:iron_block":3,"sophisticatedbackpacks:copper_backpack":1,"minecraft:deepslate_redstone_ore":3,"minecraft:crafting_table":2,"minecraft:torch":3,"minecraft:blast_furnace":1,"ecologics:walnut_leaves":1,"luminousworld:grassflowers":1,"minecraft:tall_grass":3,"minecraft:cobblestone":34,"minecraft:deepslate_gold_ore":4,"minecraft:grindstone":1,"minecraft:wall_torch":1,"supplementaries:urn":11,"minecraft:wheat":4,"minecraft:grass":3,"minecraft:coal_ore":2,"minecraft:oak_log":7,"minecraft:sand":4,"minecraft:cobweb":9,"ecologics:walnut_planks":4,"minecraft:oak_leaves":2,"minecraft:deepslate":13},"minecraft:used":{"sophisticatedbackpacks:copper_backpack":1,"minecraft:poppy":2,"minecraft:spruce_planks":5,"minecraft:iron_sword":123,"minecraft:bell":1,"minecraft:iron_chestplate":1,"minecraft:torch":10,"born_in_chaos_v1:corpse_maggot":1,"minecraft:iron_axe":22,"minecraft:iron_helmet":1,"minecraft:iron_boots":1,"minecraft:item_frame":1,"ecologics:walnut_planks":13,"minecraft:oak_sapling":4,"tombstone:gift":3,"minecraft:cobbled_deepslate":16,"minecraft:iron_leggings":1,"minecraft:cooked_mutton":2,"minecraft:baked_potato":17,"minecraft:wooden_pickaxe":17,"minecraft:cookie":12,"minecraft:golden_apple":1,"minecraft:crafting_table":2,"minecraft:cake":1,"minecraft:bread":11,"minecraft:brown_wool":1,"minecraft:iron_pickaxe":121,"minecraft:cobblestone":43,"alexsmobs:animal_dictionary":1,"minecraft:cobweb":9,"minecraft:experience_bottle":1},"minecraft:crafted":{"minecraft:oak_planks":8,"ecologics:walnut_planks":16,"minecraft:cooked_mutton":4,"sophisticatedbackpacks:copper_backpack":1,"minecraft:iron_axe":1,"quark:spruce_chest":1,"sophisticatedbackpacks:backpack":1,"minecraft:crafting_table":1,"minecraft:spruce_planks":24,"minecraft:wooden_pickaxe":1,"minecraft:baked_potato":29,"minecraft:iron_sword":1,"minecraft:copper_ingot":26,"sophisticatedbackpacks:upgrade_base":1,"minecraft:air":0,"minecraft:golden_apple":4,"minecraft:stick":12,"minecraft:iron_ingot":63,"minecraft:iron_pickaxe":3,"minecraft:gold_ingot":33},"minecraft:custom":{"minecraft:mob_kills":26,"minecraft:interact_with_crafting_table":21,"minecraft:open_barrel":9,"minecraft:bell_ring":1,"minecraft:damage_dealt_resisted":10,"minecraft:eat_cake_slice":3,"minecraft:leave_game":1,"minecraft:time_since_death":4310,"minecraft:climb_one_cm":2734,"minecraft:sprint_one_cm":369519,"minecraft:walk_one_cm":278912,"minecraft:drop":45,"minecraft:talked_to_villager":11,"minecraft:play_time":99823,"minecraft:deaths":5,"minecraft:sneak_time":475,"minecraft:walk_under_water_one_cm":10316,"minecraft:jump":2032,"minecraft:walk_on_water_one_cm":4342,"minecraft:total_world_time":99823,"minecraft:interact_with_furnace":32,"minecraft:sleep_in_bed":3,"minecraft:time_since_rest":3018,"minecraft:damage_taken":2370,"minecraft:damage_absorbed":40,"minecraft:trigger_trapped_chest":18,"minecraft:damage_dealt":6060,"minecraft:swim_one_cm":9974,"minecraft:fly_one_cm":500503,"minecraft:open_chest":52,"minecraft:crouch_one_cm":851,"tombstone:undead_killed":15,"minecraft:fall_one_cm":63676},"minecraft:picked_up":{"minecraft:crafting_table":2,"minecraft:wheat":4,"minecraft:chainmail_boots":1,"minecraft:chicken":1,"minecraft:wooden_pickaxe":2,"minecraft:stone_brick_wall":1,"tombstone:grave_key":1,"minecraft:string":14,"minecraft:iron_axe":2,"minecraft:item_frame":8,"minecraft:zombie_head":1,"minecraft:experience_bottle":1,"minecraft:smooth_stone":1,"minecraft:gold_nugget":12,"minecraft:cobbled_deepslate":19,"minecraft:beef":16,"minecraft:iron_pickaxe":2,"minecraft:spruce_slab":1,"minecraft:raw_iron":26,"ecologics:walnut_log":4,"minecraft:torch":20,"minecraft:spruce_fence":1,"tombstone:grave_dust":5,"minecraft:carrot":14,"minecraft:redstone":5,"minecraft:dark_oak_planks":4,"luminousworld:grassflowers":1,"minecraft:arrow":3,"minecraft:rotten_flesh":11,"minecraft:iron_block":3,"minecraft:gold_ingot":1,"sophisticatedbackpacks:copper_backpack":1,"supplementaries:ash":50,"minecraft:mutton":4,"minecraft:cobblestone":43,"ecologics:walnut_planks":4,"born_in_chaos_v1:corpse_maggot":1,"minecraft:cooked_beef":1,"minecraft:leather":11,"minecraft:brown_wool":4,"minecraft:oak_log":7,"supplementaries:flax_seeds":2,"minecraft:gunpowder":4,"minecraft:dirt":1,"minecraft:lantern":4,"minecraft:cooked_mutton":3,"minecraft:bone":4,"minecraft:bow":1,"minecraft:wheat_seeds":11,"minecraft:raw_gold":4,"minecraft:bell":1,"minecraft:grindstone":1,"minecraft:dark_oak_stairs":12,"minecraft:poisonous_potato":1,"minecraft:stripped_spruce_log":1,"minecraft:blast_furnace":1,"minecraft:spruce_log":5,"minecraft:spider_eye":1,"minecraft:diamond":1,"minecraft:chainmail_leggings":2,"minecraft:bread":12,"minecraft:emerald":5,"minecraft:oak_sapling":1,"minecraft:black_wool":1,"minecraft:coal":2,"minecraft:ender_pearl":1},"minecraft:dropped":{"minecraft:bread":11,"minecraft:dark_oak_stairs":6,"minecraft:wheat_seeds":7,"minecraft:poisonous_potato":1,"minecraft:iron_helmet":2,"minecraft:leather":4,"minecraft:item_frame":6,"minecraft:music_disc_13":1,"minecraft:torch":5,"tombstone:grave_key":1,"tombstone:grave_dust":2,"minecraft:chainmail_leggings":2,"minecraft:string":6,"minecraft:dark_oak_planks":4,"minecraft:redstone":5,"minecraft:cobbled_deepslate":4,"minecraft:raw_iron":13,"minecraft:rotten_flesh":6,"minecraft:iron_boots":1,"minecraft:shears":1,"minecraft:spruce_fence":1,"supplementaries:flax_seeds":2,"supplementaries:ash":50,"minecraft:gunpowder":12,"minecraft:iron_chestplate":1,"minecraft:beetroot_seeds":18,"minecraft:oak_sapling":8,"minecraft:wooden_pickaxe":2,"minecraft:black_wool":1}},"DataVersion":3465}