{"stats":{"minecraft:used":{"minecraft:wooden_axe":13,"minecraft:crafting_table":1,"minecraft:wooden_pickaxe":18},"minecraft:custom":{"minecraft:time_since_rest":9260,"minecraft:crouch_one_cm":510,"minecraft:sprint_one_cm":26517,"minecraft:play_time":9260,"minecraft:damage_taken":60,"minecraft:walk_one_cm":27525,"minecraft:sneak_time":318,"minecraft:jump":209,"minecraft:damage_dealt":105,"minecraft:walk_on_water_one_cm":668,"minecraft:leave_game":2,"minecraft:time_since_death":9260,"minecraft:climb_one_cm":260,"minecraft:total_world_time":9260,"minecraft:interact_with_crafting_table":2,"minecraft:fall_one_cm":7288,"minecraft:fly_one_cm":55039},"minecraft:crafted":{"minecraft:oak_planks":24,"minecraft:crafting_table":1,"minecraft:stick":4,"minecraft:wooden_pickaxe":1,"minecraft:wooden_axe":1},"minecraft:picked_up":{"ecologics:seashell":1,"ecologics:coconut_log":1,"minecraft:oak_log":12,"minecraft:sugar_cane":8,"minecraft:dirt":9,"minecraft:cobblestone":8},"minecraft:mined":{"minecraft:grass":2,"minecraft:grass_block":3,"minecraft:oak_log":12,"ecologics:seashell":3,"minecraft:dirt":6,"luminousworld:grassvariant_2":1,"luminousworld:grassvariant_3":1,"ecologics:coconut_log":2,"luminousworld:groundpebbles_2":1,"minecraft:stone":8,"minecraft:sugar_cane":2,"minecraft:crafting_table":1}},"DataVersion":3465}