{"stats":{"minecraft:killed_by":{"minecraft:bee":1},"minecraft:crafted":{"minecraft:oak_planks":24,"minecraft:white_wool":3,"minecraft:crafting_table":2,"minecraft:stick":8,"minecraft:wooden_pickaxe":1,"minecraft:stone_pickaxe":1,"minecraft:wooden_axe":1,"minecraft:stone_sword":1,"minecraft:white_bed":1,"minecraft:stone_axe":1},"minecraft:used":{"minecraft:mud":1,"minecraft:wooden_axe":29,"minecraft:stone_sword":32,"minecraft:mangrove_log":2,"minecraft:wooden_pickaxe":18,"minecraft:stone_axe":30,"ecologics:coconut_slice":2,"minecraft:dirt":12,"minecraft:crafting_table":3,"alexsmobs:animal_dictionary":1,"minecraft:white_bed":1,"ecologics:coconut_seedling":2},"minecraft:custom":{"minecraft:time_since_rest":1,"minecraft:sprint_one_cm":38535,"minecraft:damage_taken":220,"minecraft:walk_one_cm":101735,"minecraft:mob_kills":2,"minecraft:damage_dealt":825,"minecraft:swim_one_cm":5717,"minecraft:interact_with_crafting_table":5,"minecraft:fly_one_cm":73328,"minecraft:crouch_one_cm":1269,"minecraft:play_time":24294,"tombstone:undead_killed":2,"minecraft:deaths":1,"minecraft:sneak_time":611,"minecraft:walk_under_water_one_cm":1817,"minecraft:jump":378,"minecraft:leave_game":4,"minecraft:time_since_death":1354,"minecraft:walk_on_water_one_cm":3333,"minecraft:sleep_in_bed":1,"minecraft:total_world_time":24294,"minecraft:climb_one_cm":995,"minecraft:fall_one_cm":8517},"minecraft:mined":{"minecraft:white_bed":1,"ecologics:seashell":3,"minecraft:mud":1,"minecraft:crafting_table":3,"minecraft:grass":2,"minecraft:grass_block":3,"minecraft:oak_log":32,"minecraft:dirt":16,"luminousworld:grassvariant_2":1,"luminousworld:grassvariant_3":1,"minecraft:cobweb":12,"minecraft:mangrove_log":1,"luminousworld:groundpebbles_2":1,"ecologics:coconut_log":18,"minecraft:stone":8,"minecraft:sugar_cane":2,"minecraft:oak_leaves":1},"minecraft:killed":{"born_in_chaos_v1:zombie_lumberjack":1,"enemyexpansion:sprinter":1},"minecraft:picked_up":{"minecraft:mud":1,"minecraft:stick":1,"minecraft:crafting_table":2,"ecologics:coconut_slice":2,"ecologics:seashell":1,"ecologics:coconut_seedling":6,"minecraft:oak_log":32,"minecraft:white_bed":1,"minecraft:dirt":19,"minecraft:string":12,"minecraft:rotten_flesh":1,"ecologics:coconut_log":18,"minecraft:sugar_cane":8,"minecraft:mangrove_log":2,"minecraft:cobblestone":8}},"DataVersion":3465}