{"stats":{"minecraft:killed_by":{"iceandfire:ice_dragon":2,"iceandfire:ghost":1,"minecraft:bee":1},"minecraft:crafted":{"minecraft:oak_planks":32,"minecraft:crafting_table":4,"minecraft:spruce_planks":4,"minecraft:wooden_pickaxe":1,"minecraft:hay_block":32,"minecraft:stone_axe":1,"minecraft:bread":82,"minecraft:white_wool":3,"minecraft:stick":8,"minecraft:stone_pickaxe":1,"minecraft:wooden_axe":1,"minecraft:stone_sword":1,"minecraft:white_bed":2,"minecraft:wheat":567},"minecraft:custom":{"minecraft:mob_kills":15,"minecraft:interact_with_crafting_table":8,"minecraft:leave_game":8,"minecraft:time_since_death":14114,"minecraft:sleep_in_bed":6,"minecraft:climb_one_cm":2296,"minecraft:time_since_rest":10798,"minecraft:sprint_one_cm":218286,"minecraft:damage_taken":1649,"minecraft:walk_one_cm":189444,"minecraft:trigger_trapped_chest":3,"minecraft:drop":24,"minecraft:damage_dealt":2755,"minecraft:swim_one_cm":27484,"minecraft:fly_one_cm":435603,"minecraft:open_chest":21,"minecraft:crouch_one_cm":1983,"minecraft:play_time":72485,"tombstone:undead_killed":5,"minecraft:deaths":4,"minecraft:sneak_time":1281,"minecraft:walk_under_water_one_cm":2498,"minecraft:jump":1645,"minecraft:walk_on_water_one_cm":13955,"minecraft:total_world_time":72485,"minecraft:fall_one_cm":36949},"minecraft:used":{"minecraft:leather_leggings":1,"minecraft:stone_sword":54,"minecraft:stone_pickaxe":13,"minecraft:oak_planks":3,"minecraft:leather_chestplate":1,"minecraft:wooden_pickaxe":18,"minecraft:leather_boots":1,"minecraft:cooked_chicken":1,"minecraft:rotten_flesh":1,"minecraft:dirt":22,"iceandfire:copper_sword":9,"minecraft:crafting_table":6,"minecraft:white_bed":5,"born_in_chaos_v1:corpse_maggot":2,"minecraft:mud":1,"earthmobsmod:duck_egg":1,"minecraft:wooden_axe":29,"minecraft:mangrove_log":2,"minecraft:bread":15,"minecraft:iron_pickaxe":6,"iceandfire:armor_silver_metal_leggings":1,"minecraft:leather_helmet":1,"minecraft:gravel":16,"minecraft:stone_axe":68,"ecologics:coconut_slice":2,"ecologics:coconut_log":5,"tombstone:gift":2,"alexsmobs:animal_dictionary":1,"ecologics:coconut_seedling":2},"minecraft:mined":{"minecraft:white_bed":5,"iceandfire:graveyard_soil":3,"minecraft:crafting_table":3,"minecraft:grass_block":3,"luminousworld:grassvariant_2":4,"ecologics:coconut_log":18,"minecraft:sugar_cane":13,"minecraft:skeleton_skull":1,"minecraft:hay_block":87,"luminousworld:sunset_petunias":1,"minecraft:coarse_dirt":5,"ecologics:seashell":3,"minecraft:mud":1,"minecraft:spruce_log":1,"minecraft:pumpkin":10,"minecraft:grass":8,"iceandfire:silver_pile":9,"minecraft:oak_log":44,"iceandfire:gold_pile":9,"minecraft:warped_button":1,"minecraft:gravel":16,"minecraft:dirt":18,"minecraft:cobweb":12,"luminousworld:grassvariant_3":4,"minecraft:mangrove_log":1,"luminousworld:groundpebbles_2":1,"minecraft:stone":8,"minecraft:white_wool":3,"minecraft:oak_leaves":2},"minecraft:killed":{"minecraft:pig":2,"born_in_chaos_v1:zombie_lumberjack":1,"enemyexpansion:sprinter":1,"born_in_chaos_v1:thornshell_crab":1,"minecraft:sheep":4,"iceandfire:ghost":3,"born_in_chaos_v1:corpse_fly":3},"minecraft:picked_up":{"born_in_chaos_v1:corpse_maggot":4,"minecraft:mud":1,"minecraft:crafting_table":2,"ecologics:seashell":1,"minecraft:oak_log":44,"aether:leather_gloves":1,"minecraft:string":12,"minecraft:dirt":22,"minecraft:lantern":2,"minecraft:bone":1,"minecraft:gold_nugget":54,"earthmobsmod:duck_egg":3,"minecraft:cooked_chicken":1,"minecraft:iron_pickaxe":1,"minecraft:sugar_cane":40,"minecraft:mangrove_log":2,"minecraft:stick":1,"minecraft:pumpkin":10,"ecologics:coconut_slice":2,"minecraft:torch":2,"ecologics:coconut_seedling":6,"minecraft:sand":2,"luminousworld:sunset_petunias":1,"minecraft:gravel":16,"minecraft:porkchop":3,"minecraft:spruce_log":1,"minecraft:white_bed":5,"minecraft:rotten_flesh":1,"ecologics:coconut_log":18,"minecraft:hay_block":87,"born_in_chaos_v1:spiny_shell":4,"minecraft:bread":7,"supplementaries:ash":1,"born_in_chaos_v1:rotten_fish":2,"minecraft:mutton":7,"iceandfire:silver_nugget":88,"minecraft:white_wool":7,"minecraft:cobblestone":8},"minecraft:dropped":{"minecraft:bread":20,"aether:leather_gloves":1,"minecraft:leather_chestplate":1,"minecraft:leather_leggings":1,"iceandfire:manuscript":1}},"DataVersion":3465}