{"stats":{"minecraft:crafted":{"minecraft:oak_planks":24,"minecraft:crafting_table":2,"minecraft:stick":8,"minecraft:wooden_pickaxe":1,"minecraft:stone_pickaxe":1,"minecraft:wooden_axe":1,"minecraft:stone_sword":1,"minecraft:stone_axe":1},"minecraft:used":{"minecraft:wooden_axe":29,"minecraft:wooden_pickaxe":18,"minecraft:stone_axe":1,"ecologics:coconut_slice":2,"minecraft:crafting_table":2,"alexsmobs:animal_dictionary":1,"ecologics:coconut_seedling":2},"minecraft:custom":{"minecraft:time_since_rest":14319,"minecraft:sprint_one_cm":33570,"minecraft:damage_taken":60,"minecraft:walk_one_cm":36524,"minecraft:damage_dealt":105,"minecraft:interact_with_crafting_table":3,"minecraft:fly_one_cm":63460,"minecraft:crouch_one_cm":510,"minecraft:play_time":14319,"minecraft:sneak_time":318,"minecraft:jump":241,"minecraft:leave_game":2,"minecraft:walk_on_water_one_cm":668,"minecraft:time_since_death":14319,"minecraft:climb_one_cm":260,"minecraft:total_world_time":14319,"minecraft:fall_one_cm":7973},"minecraft:mined":{"ecologics:seashell":3,"minecraft:crafting_table":2,"minecraft:grass":2,"minecraft:grass_block":3,"minecraft:oak_log":12,"minecraft:dirt":6,"luminousworld:grassvariant_2":1,"luminousworld:grassvariant_3":1,"luminousworld:groundpebbles_2":1,"ecologics:coconut_log":18,"minecraft:stone":8,"minecraft:sugar_cane":2},"minecraft:picked_up":{"minecraft:stick":1,"minecraft:crafting_table":1,"ecologics:coconut_slice":2,"ecologics:seashell":1,"ecologics:coconut_seedling":6,"minecraft:oak_log":12,"minecraft:dirt":9,"ecologics:coconut_log":18,"minecraft:sugar_cane":8,"minecraft:cobblestone":8}},"DataVersion":3465}