{"stats":{"minecraft:killed_by":{"iceandfire:ice_dragon":2,"iceandfire:ghost":1,"minecraft:bee":1},"minecraft:crafted":{"minecraft:oak_planks":24,"minecraft:crafting_table":2,"minecraft:wooden_pickaxe":1,"minecraft:stone_axe":1,"minecraft:bread":39,"minecraft:white_wool":3,"minecraft:stick":8,"minecraft:stone_pickaxe":1,"minecraft:wooden_axe":1,"minecraft:stone_sword":1,"minecraft:white_bed":1,"minecraft:wheat":117},"minecraft:custom":{"minecraft:mob_kills":12,"minecraft:interact_with_crafting_table":6,"minecraft:leave_game":8,"minecraft:time_since_death":2114,"minecraft:sleep_in_bed":5,"minecraft:climb_one_cm":2296,"minecraft:time_since_rest":1769,"minecraft:sprint_one_cm":178015,"minecraft:damage_taken":1423,"minecraft:walk_one_cm":168049,"minecraft:trigger_trapped_chest":3,"minecraft:drop":21,"minecraft:damage_dealt":2491,"minecraft:swim_one_cm":16201,"minecraft:fly_one_cm":354795,"minecraft:open_chest":15,"minecraft:crouch_one_cm":1871,"minecraft:play_time":60485,"tombstone:undead_killed":2,"minecraft:deaths":4,"minecraft:sneak_time":1062,"minecraft:walk_under_water_one_cm":2246,"minecraft:jump":1325,"minecraft:walk_on_water_one_cm":9922,"minecraft:total_world_time":60485,"minecraft:fall_one_cm":29000},"minecraft:used":{"minecraft:stone_sword":47,"minecraft:stone_pickaxe":13,"minecraft:oak_planks":3,"minecraft:wooden_pickaxe":18,"minecraft:cooked_chicken":1,"minecraft:rotten_flesh":1,"minecraft:dirt":22,"iceandfire:copper_sword":9,"minecraft:crafting_table":4,"minecraft:white_bed":4,"born_in_chaos_v1:corpse_maggot":2,"minecraft:mud":1,"earthmobsmod:duck_egg":1,"minecraft:wooden_axe":29,"minecraft:mangrove_log":2,"minecraft:bread":9,"minecraft:iron_pickaxe":6,"minecraft:stone_axe":68,"ecologics:coconut_slice":2,"ecologics:coconut_log":5,"tombstone:gift":2,"alexsmobs:animal_dictionary":1,"ecologics:coconut_seedling":2},"minecraft:mined":{"minecraft:white_bed":4,"iceandfire:graveyard_soil":3,"minecraft:crafting_table":3,"minecraft:grass_block":3,"luminousworld:grassvariant_2":4,"ecologics:coconut_log":18,"minecraft:sugar_cane":13,"minecraft:hay_block":37,"luminousworld:sunset_petunias":1,"ecologics:seashell":3,"minecraft:mud":1,"minecraft:pumpkin":10,"minecraft:grass":8,"iceandfire:silver_pile":9,"minecraft:oak_log":42,"iceandfire:gold_pile":9,"minecraft:warped_button":1,"minecraft:dirt":17,"minecraft:cobweb":12,"luminousworld:grassvariant_3":4,"minecraft:mangrove_log":1,"luminousworld:groundpebbles_2":1,"minecraft:stone":8,"minecraft:oak_leaves":2},"minecraft:killed":{"minecraft:pig":2,"born_in_chaos_v1:zombie_lumberjack":1,"enemyexpansion:sprinter":1,"born_in_chaos_v1:thornshell_crab":1,"minecraft:sheep":4,"born_in_chaos_v1:corpse_fly":3},"minecraft:picked_up":{"born_in_chaos_v1:corpse_maggot":4,"minecraft:mud":1,"minecraft:crafting_table":2,"ecologics:seashell":1,"minecraft:oak_log":42,"minecraft:string":12,"minecraft:dirt":22,"minecraft:lantern":2,"minecraft:bone":1,"minecraft:gold_nugget":54,"earthmobsmod:duck_egg":3,"minecraft:cooked_chicken":1,"minecraft:iron_pickaxe":1,"minecraft:sugar_cane":40,"minecraft:mangrove_log":2,"minecraft:stick":1,"minecraft:pumpkin":10,"ecologics:coconut_slice":2,"ecologics:coconut_seedling":6,"luminousworld:sunset_petunias":1,"minecraft:porkchop":3,"minecraft:white_bed":4,"minecraft:rotten_flesh":1,"ecologics:coconut_log":18,"minecraft:hay_block":37,"born_in_chaos_v1:spiny_shell":4,"minecraft:bread":7,"supplementaries:ash":1,"born_in_chaos_v1:rotten_fish":2,"minecraft:mutton":7,"iceandfire:silver_nugget":50,"minecraft:white_wool":4,"minecraft:cobblestone":8},"minecraft:dropped":{"minecraft:bread":20,"iceandfire:manuscript":1}},"DataVersion":3465}