{"stats":{"minecraft:killed_by":{"minecraft:bee":1,"iceandfire:gorgon":2,"iceandfire:ice_dragon":2,"iceandfire:ghost":1},"minecraft:crafted":{"minecraft:oak_planks":32,"ecologics:coconut_planks":52,"iceandfire:armor_silver_metal_chestplate":1,"minecraft:stone_pickaxe":1,"iceandfire:armor_silver_metal_boots":1,"minecraft:wheat":567,"iceandfire:silver_axe":1,"iceandfire:silver_ingot":21,"minecraft:crafting_table":5,"minecraft:spruce_planks":4,"minecraft:wooden_pickaxe":1,"minecraft:hay_block":32,"minecraft:stone_axe":1,"minecraft:bread":82,"iceandfire:armor_silver_metal_helmet":1,"minecraft:white_wool":3,"minecraft:stick":16,"minecraft:wooden_axe":1,"minecraft:stone_sword":1,"minecraft:white_bed":2,"iceandfire:silver_pickaxe":1,"iceandfire:silver_sword":1},"minecraft:custom":{"minecraft:mob_kills":18,"minecraft:interact_with_crafting_table":16,"minecraft:open_barrel":2,"minecraft:leave_game":9,"minecraft:time_since_death":70,"minecraft:climb_one_cm":2296,"minecraft:sprint_one_cm":272487,"minecraft:walk_one_cm":216366,"minecraft:drop":27,"minecraft:play_time":89330,"minecraft:deaths":6,"minecraft:sneak_time":1558,"minecraft:walk_under_water_one_cm":6697,"minecraft:jump":1960,"minecraft:walk_on_water_one_cm":17687,"minecraft:total_world_time":89330,"minecraft:sleep_in_bed":7,"minecraft:time_since_rest":1,"minecraft:damage_taken":2147483647,"minecraft:trigger_trapped_chest":3,"minecraft:damage_dealt":3169,"minecraft:swim_one_cm":30939,"minecraft:fly_one_cm":531869,"minecraft:open_chest":33,"minecraft:crouch_one_cm":2698,"tombstone:undead_killed":7,"minecraft:fall_one_cm":44648},"minecraft:used":{"minecraft:stone_sword":54,"iceandfire:silver_sword":8,"ecologics:coconut_planks":28,"minecraft:cooked_chicken":1,"minecraft:rotten_flesh":1,"minecraft:dirt":22,"iceandfire:copper_sword":9,"minecraft:snowball":1,"born_in_chaos_v1:corpse_maggot":2,"minecraft:wooden_axe":29,"minecraft:mangrove_log":2,"iceandfire:armor_silver_metal_leggings":1,"minecraft:item_frame":1,"tombstone:gift":2,"ecologics:coconut_seedling":2,"minecraft:leather_leggings":1,"minecraft:stone_pickaxe":13,"minecraft:oak_planks":3,"minecraft:wooden_pickaxe":18,"minecraft:leather_chestplate":1,"iceandfire:dread_stone_bricks":5,"minecraft:leather_boots":1,"minecraft:sand":2,"minecraft:crafting_table":7,"minecraft:white_bed":5,"iceandfire:silver_pickaxe":11,"minecraft:mud":1,"earthmobsmod:duck_egg":1,"minecraft:bread":19,"minecraft:iron_pickaxe":29,"tombstone:magic_scroll":1,"minecraft:leather_helmet":1,"minecraft:gravel":16,"minecraft:stone_axe":68,"ecologics:coconut_slice":2,"ecologics:coconut_log":5,"alexsmobs:animal_dictionary":1},"minecraft:mined":{"minecraft:white_bed":5,"iceandfire:graveyard_soil":3,"minecraft:grass_block":3,"luminousworld:grassvariant_2":4,"iceandfire:dread_spawner":1,"ecologics:coconut_log":18,"minecraft:hay_block":87,"luminousworld:sunset_petunias":1,"minecraft:pumpkin":10,"iceandfire:gold_pile":9,"minecraft:warped_button":1,"minecraft:packed_ice":7,"luminousworld:groundpebbles_2":1,"minecraft:stone":10,"iceandfire:dread_stone_bricks_cracked":4,"minecraft:white_wool":3,"minecraft:crafting_table":3,"iceandfire:dragon_ice_spikes":5,"minecraft:sugar_cane":13,"minecraft:skeleton_skull":1,"minecraft:coarse_dirt":5,"ecologics:seashell":3,"minecraft:mud":1,"minecraft:spruce_log":1,"minecraft:grass":8,"iceandfire:dread_stone_bricks_mossy":1,"minecraft:oak_log":44,"iceandfire:silver_pile":27,"minecraft:gravel":16,"minecraft:dirt":18,"luminousworld:grassvariant_3":4,"minecraft:cobweb":12,"minecraft:mangrove_log":1,"minecraft:oak_leaves":2,"iceandfire:dread_stone_bricks":5},"minecraft:broken":{"iceandfire:armor_silver_metal_leggings":1,"iceandfire:armor_silver_metal_helmet":1,"minecraft:iron_helmet":1,"iceandfire:armor_silver_metal_chestplate":1,"iceandfire:armor_silver_metal_boots":1,"minecraft:golden_chestplate":1},"minecraft:killed":{"luminousworld:frostbitten_zombie":1,"born_in_chaos_v1:zombie_lumberjack":1,"born_in_chaos_v1:thornshell_crab":1,"iceandfire:dread_thrall":1,"minecraft:pig":2,"enemyexpansion:sprinter":1,"minecraft:sheep":4,"iceandfire:ghost":3,"born_in_chaos_v1:corpse_fly":3},"minecraft:picked_up":{"iceandfire:dread_stone_bricks":5,"minecraft:mud":1,"minecraft:crafting_table":2,"ecologics:seashell":1,"aether:leather_gloves":1,"minecraft:string":12,"minecraft:item_frame":1,"minecraft:gold_nugget":54,"earthmobsmod:duck_egg":3,"minecraft:beef":3,"minecraft:iron_pickaxe":1,"minecraft:sugar_cane":40,"minecraft:mangrove_log":2,"minecraft:stick":1,"ecologics:coconut_slice":2,"minecraft:torch":2,"ecologics:coconut_seedling":6,"minecraft:porkchop":6,"minecraft:golden_chestplate":1,"minecraft:rotten_flesh":1,"minecraft:hay_block":87,"ecologics:coconut_log":18,"born_in_chaos_v1:spiny_shell":4,"supplementaries:ash":1,"minecraft:mutton":7,"minecraft:white_wool":7,"minecraft:cobblestone":10,"born_in_chaos_v1:corpse_maggot":4,"minecraft:leather":3,"minecraft:oak_log":44,"minecraft:dirt":22,"minecraft:lantern":3,"minecraft:bone":1,"minecraft:cooked_chicken":1,"minecraft:pumpkin":10,"luminousworld:sunset_petunias":1,"minecraft:gravel":16,"minecraft:sand":2,"minecraft:white_bed":5,"minecraft:spruce_log":1,"iceandfire:silver_sword":1,"iceandfire:dread_stone_bricks_mossy":1,"minecraft:iron_helmet":1,"minecraft:bread":9,"born_in_chaos_v1:rotten_fish":2,"iceandfire:silver_nugget":186},"minecraft:dropped":{"minecraft:bread":20,"ecologics:coconut_seedling":4,"minecraft:torch":3,"aether:leather_gloves":1,"minecraft:oak_planks":1,"minecraft:leather_chestplate":1,"minecraft:leather_leggings":1,"iceandfire:manuscript":1}},"DataVersion":3465}