{"stats":{"minecraft:killed_by":{"minecraft:bee":1},"minecraft:crafted":{"minecraft:oak_planks":24,"minecraft:white_wool":3,"minecraft:crafting_table":2,"minecraft:stick":8,"minecraft:wooden_pickaxe":1,"minecraft:stone_pickaxe":1,"minecraft:wooden_axe":1,"minecraft:stone_sword":1,"minecraft:white_bed":1,"minecraft:stone_axe":1},"minecraft:custom":{"minecraft:time_since_rest":7036,"minecraft:sprint_one_cm":69443,"minecraft:damage_taken":360,"minecraft:walk_one_cm":118103,"minecraft:mob_kills":4,"minecraft:damage_dealt":1035,"minecraft:swim_one_cm":16201,"minecraft:interact_with_crafting_table":5,"minecraft:fly_one_cm":118792,"minecraft:crouch_one_cm":1830,"minecraft:play_time":36485,"tombstone:undead_killed":2,"minecraft:deaths":1,"minecraft:sneak_time":987,"minecraft:walk_under_water_one_cm":2246,"minecraft:jump":567,"minecraft:leave_game":8,"minecraft:time_since_death":13545,"minecraft:walk_on_water_one_cm":9768,"minecraft:total_world_time":36485,"minecraft:sleep_in_bed":3,"minecraft:climb_one_cm":2296,"minecraft:fall_one_cm":12399},"minecraft:used":{"minecraft:mud":1,"born_in_chaos_v1:corpse_maggot":2,"minecraft:wooden_axe":29,"minecraft:mangrove_log":2,"minecraft:stone_sword":36,"minecraft:oak_planks":3,"minecraft:wooden_pickaxe":18,"minecraft:rotten_flesh":1,"minecraft:cooked_chicken":1,"minecraft:stone_axe":40,"ecologics:coconut_slice":2,"minecraft:dirt":19,"minecraft:crafting_table":3,"minecraft:white_bed":2,"alexsmobs:animal_dictionary":1,"ecologics:coconut_seedling":2},"minecraft:mined":{"minecraft:white_bed":2,"ecologics:seashell":3,"minecraft:mud":1,"minecraft:crafting_table":3,"minecraft:grass":3,"minecraft:grass_block":3,"minecraft:oak_log":42,"minecraft:dirt":16,"luminousworld:grassvariant_2":1,"luminousworld:grassvariant_3":2,"minecraft:cobweb":12,"minecraft:mangrove_log":1,"luminousworld:groundpebbles_2":1,"ecologics:coconut_log":18,"minecraft:stone":8,"minecraft:sugar_cane":7,"minecraft:oak_leaves":1},"minecraft:killed":{"born_in_chaos_v1:zombie_lumberjack":1,"born_in_chaos_v1:corpse_fly":2,"enemyexpansion:sprinter":1},"minecraft:picked_up":{"minecraft:mud":1,"born_in_chaos_v1:corpse_maggot":2,"minecraft:stick":1,"minecraft:crafting_table":2,"ecologics:coconut_slice":2,"ecologics:seashell":1,"ecologics:coconut_seedling":6,"minecraft:oak_log":42,"minecraft:white_bed":2,"minecraft:dirt":19,"minecraft:string":12,"minecraft:bone":1,"minecraft:rotten_flesh":1,"minecraft:cooked_chicken":1,"ecologics:coconut_log":18,"supplementaries:ash":1,"minecraft:sugar_cane":23,"minecraft:mangrove_log":2,"minecraft:cobblestone":8}},"DataVersion":3465}