{"stats":{"minecraft:killed_by":{"minecraft:bee":1},"minecraft:crafted":{"minecraft:oak_planks":24,"minecraft:crafting_table":2,"minecraft:wooden_pickaxe":1,"minecraft:stone_axe":1,"minecraft:bread":39,"minecraft:white_wool":3,"minecraft:stick":8,"minecraft:stone_pickaxe":1,"minecraft:wooden_axe":1,"minecraft:stone_sword":1,"minecraft:white_bed":1,"minecraft:wheat":117},"minecraft:custom":{"minecraft:mob_kills":7,"minecraft:interact_with_crafting_table":6,"minecraft:leave_game":8,"minecraft:time_since_death":25545,"minecraft:sleep_in_bed":5,"minecraft:climb_one_cm":2296,"minecraft:time_since_rest":486,"minecraft:sprint_one_cm":123322,"minecraft:damage_taken":550,"minecraft:walk_one_cm":147308,"minecraft:drop":20,"minecraft:damage_dealt":1484,"minecraft:swim_one_cm":16201,"minecraft:fly_one_cm":185333,"minecraft:open_chest":11,"minecraft:crouch_one_cm":1849,"minecraft:play_time":48485,"tombstone:undead_killed":2,"minecraft:deaths":1,"minecraft:sneak_time":1057,"minecraft:walk_under_water_one_cm":2246,"minecraft:jump":828,"minecraft:walk_on_water_one_cm":9922,"minecraft:total_world_time":48485,"minecraft:fall_one_cm":19514},"minecraft:used":{"minecraft:stone_sword":43,"minecraft:stone_pickaxe":13,"minecraft:oak_planks":3,"minecraft:wooden_pickaxe":18,"minecraft:cooked_chicken":1,"minecraft:rotten_flesh":1,"minecraft:dirt":22,"minecraft:crafting_table":4,"minecraft:white_bed":4,"born_in_chaos_v1:corpse_maggot":2,"minecraft:mud":1,"minecraft:wooden_axe":29,"minecraft:mangrove_log":2,"minecraft:bread":6,"minecraft:iron_pickaxe":6,"minecraft:stone_axe":51,"ecologics:coconut_slice":2,"ecologics:coconut_log":5,"alexsmobs:animal_dictionary":1,"ecologics:coconut_seedling":2},"minecraft:mined":{"minecraft:white_bed":4,"minecraft:crafting_table":3,"minecraft:grass_block":3,"luminousworld:grassvariant_2":2,"ecologics:coconut_log":18,"minecraft:sugar_cane":13,"minecraft:hay_block":27,"ecologics:seashell":3,"minecraft:mud":1,"minecraft:grass":3,"iceandfire:silver_pile":9,"minecraft:oak_log":42,"iceandfire:gold_pile":9,"minecraft:dirt":16,"minecraft:cobweb":12,"luminousworld:grassvariant_3":2,"minecraft:mangrove_log":1,"luminousworld:groundpebbles_2":1,"minecraft:stone":8,"minecraft:oak_leaves":2},"minecraft:killed":{"minecraft:pig":1,"born_in_chaos_v1:zombie_lumberjack":1,"enemyexpansion:sprinter":1,"born_in_chaos_v1:thornshell_crab":1,"born_in_chaos_v1:corpse_fly":3},"minecraft:picked_up":{"born_in_chaos_v1:corpse_maggot":4,"minecraft:mud":1,"minecraft:crafting_table":2,"ecologics:seashell":1,"minecraft:oak_log":42,"minecraft:string":12,"minecraft:dirt":22,"minecraft:lantern":2,"minecraft:bone":1,"minecraft:gold_nugget":54,"minecraft:cooked_chicken":1,"minecraft:iron_pickaxe":1,"minecraft:sugar_cane":40,"minecraft:mangrove_log":2,"minecraft:stick":1,"ecologics:coconut_slice":2,"ecologics:coconut_seedling":6,"minecraft:porkchop":2,"minecraft:white_bed":4,"minecraft:rotten_flesh":1,"ecologics:coconut_log":18,"minecraft:hay_block":27,"born_in_chaos_v1:spiny_shell":4,"minecraft:bread":7,"supplementaries:ash":1,"born_in_chaos_v1:rotten_fish":2,"iceandfire:silver_nugget":30,"minecraft:cobblestone":8},"minecraft:dropped":{"minecraft:bread":20}},"DataVersion":3465}