{"stats":{"minecraft:killed_by":{"born_in_chaos_v1:corpse_fly":1,"born_in_chaos_v1:firelight_not_despawn":1},"minecraft:crafted":{"minecraft:oak_planks":24,"minecraft:cooked_chicken":1,"minecraft:furnace":2,"iceandfire:armor_copper_metal_leggings":1,"minecraft:cooked_mutton":5,"minecraft:iron_boots":1,"sophisticatedbackpacks:copper_backpack":1,"iceandfire:armor_silver_metal_leggings":1,"minecraft:stone_pickaxe":2,"alexsmobs:cooked_catfish":3,"minecraft:cooked_cod":2,"minecraft:emerald":2,"sophisticatedbackpacks:backpack":1,"iceandfire:silver_ingot":11,"minecraft:crafting_table":1,"minecraft:wooden_pickaxe":1,"minecraft:iron_helmet":1,"minecraft:copper_ingot":9,"minecraft:stone_axe":1,"minecraft:air":0,"minecraft:stick":24,"quark:oak_chest":1,"minecraft:iron_ingot":24,"minecraft:iron_pickaxe":3,"minecraft:stone_sword":1,"minecraft:torch":52,"iceandfire:silver_sword":1},"minecraft:custom":{"minecraft:mob_kills":15,"minecraft:animals_bred":2,"minecraft:interact_with_crafting_table":23,"minecraft:open_barrel":9,"minecraft:eat_cake_slice":2,"minecraft:time_since_death":41478,"minecraft:climb_one_cm":918,"minecraft:sprint_one_cm":172355,"minecraft:walk_one_cm":176087,"minecraft:drop":29,"minecraft:talked_to_villager":5,"minecraft:play_time":86699,"minecraft:deaths":2,"minecraft:sneak_time":1341,"minecraft:walk_under_water_one_cm":7508,"minecraft:jump":984,"minecraft:walk_on_water_one_cm":15850,"minecraft:total_world_time":86699,"minecraft:interact_with_furnace":42,"minecraft:traded_with_villager":2,"minecraft:time_since_rest":40674,"minecraft:damage_taken":1614,"minecraft:trigger_trapped_chest":1,"minecraft:damage_dealt":2616,"minecraft:swim_one_cm":13851,"minecraft:fly_one_cm":194050,"minecraft:open_chest":9,"minecraft:crouch_one_cm":3092,"tombstone:undead_killed":5,"minecraft:interact_with_smoker":3,"minecraft:fall_one_cm":29069},"minecraft:used":{"minecraft:stone_sword":18,"iceandfire:silver_sword":13,"sophisticatedbackpacks:copper_backpack":1,"earthmobsmod:fancy_egg":1,"minecraft:cooked_salmon":1,"minecraft:rotten_flesh":2,"minecraft:torch":70,"minecraft:dirt":11,"born_in_chaos_v1:corpse_maggot":1,"minecraft:furnace":8,"minecraft:cooked_cod":2,"tombstone:gift":2,"minecraft:cooked_mutton":1,"minecraft:water_bucket":2,"alexsmobs:cooked_catfish":3,"minecraft:stone_pickaxe":268,"minecraft:oak_planks":1,"minecraft:wooden_pickaxe":17,"luminousworld:ishstone":2,"minecraft:crafting_table":8,"minecraft:cake":1,"minecraft:bread":13,"minecraft:iron_pickaxe":72,"minecraft:stone_axe":71,"minecraft:cobblestone":15,"minecraft:bucket":2,"alexsmobs:animal_dictionary":1,"minecraft:dandelion":4,"minecraft:gray_wool":1},"minecraft:mined":{"iceandfire:silver_ore":11,"minecraft:granite":2,"minecraft:grass_block":8,"luminousworld:grassvariant_2":4,"minecraft:furnace":8,"minecraft:iron_ore":44,"minecraft:andesite":24,"minecraft:stone":147,"sophisticatedbackpacks:copper_backpack":1,"minecraft:dandelion":31,"minecraft:crafting_table":8,"minecraft:torch":4,"quark:blossom_log":7,"minecraft:campfire":1,"minecraft:copper_ore":12,"minecraft:cobblestone":3,"minecraft:lapis_ore":4,"minecraft:cyan_bed":1,"minecraft:oak_planks":5,"minecraft:wall_torch":9,"supplementaries:urn":5,"minecraft:grass":8,"minecraft:oak_log":18,"minecraft:coal_ore":76,"luminousworld:ishstone":4,"minecraft:gravel":1,"minecraft:dirt":9,"luminousworld:grassvariant_3":1,"minecraft:cobweb":6,"minecraft:cracked_stone_bricks":1,"minecraft:gold_ore":8,"minecraft:oak_leaves":2},"minecraft:broken":{"minecraft:stone_pickaxe":2},"minecraft:killed":{"minecraft:skeleton":4,"earthmobsmod:fancy_chicken":1,"enemyexpansion:sprinter":1,"minecraft:sheep":4,"alexsmobs:catfish":1,"born_in_chaos_v1:corpse_fly":2},"minecraft:picked_up":{"minecraft:charcoal":2,"minecraft:crafting_table":8,"minecraft:chicken":1,"aether:iron_gloves":1,"earthmobsmod:fancy_egg":2,"tombstone:grave_key":1,"minecraft:string":7,"minecraft:raw_copper":68,"minecraft:cooked_salmon":1,"minecraft:cracked_stone_bricks":1,"minecraft:furnace":9,"minecraft:stick":7,"minecraft:raw_iron":52,"iceandfire:armor_copper_metal_leggings":1,"minecraft:copper_ingot":7,"minecraft:torch":19,"quark:blossom_log":7,"minecraft:stone_sword":1,"minecraft:arrow":5,"minecraft:rotten_flesh":2,"sophisticatedbackpacks:copper_backpack":1,"supplementaries:ash":7,"minecraft:mutton":5,"minecraft:white_wool":3,"minecraft:rail":3,"minecraft:cobblestone":149,"born_in_chaos_v1:corpse_maggot":1,"minecraft:andesite":47,"luminousworld:ishstone":3,"minecraft:oak_log":16,"supplementaries:flax_seeds":1,"minecraft:gunpowder":9,"minecraft:paper":3,"minecraft:lapis_lazuli":4,"minecraft:dirt":13,"minecraft:bone":10,"minecraft:wheat_seeds":6,"minecraft:raw_gold":15,"earthmobsmod:fancy_feather":2,"minecraft:oak_planks":14,"minecraft:oak_slab":2,"minecraft:dandelion":30,"minecraft:gravel":12,"minecraft:cyan_bed":1,"artifacts:plastic_drinking_hat":1,"alexsmobs:raw_catfish":3,"minecraft:diamond":4,"minecraft:stone_axe":3,"minecraft:iron_helmet":1,"minecraft:granite":2,"minecraft:gray_wool":1,"minecraft:bread":13,"minecraft:coal":218,"iceandfire:raw_silver":11},"minecraft:dropped":{"minecraft:wheat_seeds":8,"luminousworld:ishstone":1,"minecraft:chest_minecart":1,"minecraft:granite":2,"minecraft:cracked_stone_bricks":1,"minecraft:flint":6,"minecraft:dirt":2,"minecraft:string":1,"minecraft:gravel":1,"minecraft:furnace":3,"minecraft:stone_axe":3,"minecraft:cooked_chicken":1,"minecraft:stone_sword":1,"minecraft:raw_iron":6,"earthmobsmod:fancy_egg":1,"minecraft:oak_planks":2,"aether:iron_gloves":1,"minecraft:andesite":47,"earthmobsmod:fancy_feather":2,"minecraft:wooden_pickaxe":1,"iceandfire:armor_copper_metal_leggings":2}},"DataVersion":3465}