{"stats":{"minecraft:killed_by":{"born_in_chaos_v1:corpse_fly":1,"born_in_chaos_v1:firelight_not_despawn":1},"minecraft:crafted":{"minecraft:cooked_cod":2,"minecraft:oak_planks":16,"minecraft:emerald":2,"iceandfire:silver_ingot":2,"minecraft:crafting_table":1,"minecraft:iron_helmet":1,"minecraft:wooden_pickaxe":1,"minecraft:cooked_chicken":1,"minecraft:furnace":2,"iceandfire:armor_copper_metal_leggings":1,"minecraft:copper_ingot":9,"minecraft:stone_axe":1,"minecraft:cooked_mutton":5,"minecraft:air":0,"minecraft:iron_boots":1,"minecraft:stick":24,"minecraft:iron_ingot":24,"minecraft:iron_pickaxe":3,"minecraft:stone_pickaxe":2,"minecraft:stone_sword":1,"alexsmobs:cooked_catfish":3,"minecraft:torch":52,"iceandfire:silver_sword":1},"minecraft:used":{"alexsmobs:cooked_catfish":3,"minecraft:water_bucket":2,"iceandfire:silver_sword":2,"minecraft:stone_sword":18,"minecraft:stone_pickaxe":268,"minecraft:oak_planks":1,"minecraft:wooden_pickaxe":17,"luminousworld:ishstone":2,"earthmobsmod:fancy_egg":1,"minecraft:rotten_flesh":2,"minecraft:torch":51,"minecraft:dirt":11,"minecraft:crafting_table":6,"minecraft:bread":13,"minecraft:iron_pickaxe":44,"minecraft:stone_axe":66,"minecraft:cobblestone":11,"minecraft:cooked_cod":2,"minecraft:furnace":8,"minecraft:bucket":2,"tombstone:gift":2,"alexsmobs:animal_dictionary":1,"minecraft:gray_wool":1,"minecraft:dandelion":4},"minecraft:custom":{"minecraft:interact_with_furnace":37,"minecraft:mob_kills":13,"minecraft:animals_bred":2,"minecraft:traded_with_villager":2,"minecraft:interact_with_crafting_table":15,"minecraft:open_barrel":4,"minecraft:time_since_death":29478,"minecraft:climb_one_cm":563,"minecraft:time_since_rest":28674,"minecraft:sprint_one_cm":139819,"minecraft:damage_taken":1545,"minecraft:walk_one_cm":148504,"minecraft:drop":20,"minecraft:damage_dealt":2126,"minecraft:swim_one_cm":13851,"minecraft:talked_to_villager":5,"minecraft:fly_one_cm":181448,"minecraft:open_chest":9,"minecraft:crouch_one_cm":2837,"minecraft:play_time":74699,"tombstone:undead_killed":5,"minecraft:deaths":2,"minecraft:sneak_time":1287,"minecraft:walk_under_water_one_cm":7508,"minecraft:jump":897,"minecraft:walk_on_water_one_cm":15410,"minecraft:interact_with_smoker":3,"minecraft:total_world_time":74699,"minecraft:fall_one_cm":27363},"minecraft:mined":{"iceandfire:silver_ore":6,"minecraft:dandelion":31,"minecraft:crafting_table":6,"minecraft:torch":4,"minecraft:grass_block":8,"minecraft:campfire":1,"quark:blossom_log":7,"luminousworld:grassvariant_2":4,"minecraft:copper_ore":12,"minecraft:cobblestone":3,"minecraft:cyan_bed":1,"minecraft:lapis_ore":4,"minecraft:oak_planks":5,"minecraft:wall_torch":9,"supplementaries:urn":3,"minecraft:furnace":7,"minecraft:iron_ore":32,"minecraft:andesite":24,"minecraft:grass":8,"luminousworld:ishstone":4,"minecraft:coal_ore":72,"minecraft:oak_log":18,"minecraft:gravel":1,"minecraft:dirt":9,"luminousworld:grassvariant_3":1,"minecraft:cobweb":1,"minecraft:cracked_stone_bricks":1,"minecraft:stone":144,"minecraft:gold_ore":8,"minecraft:oak_leaves":2},"minecraft:killed":{"enemyexpansion:sprinter":1,"minecraft:sheep":4,"minecraft:skeleton":4,"alexsmobs:catfish":1,"born_in_chaos_v1:corpse_fly":2,"earthmobsmod:fancy_chicken":1},"minecraft:broken":{"minecraft:stone_pickaxe":2},"minecraft:picked_up":{"minecraft:charcoal":2,"born_in_chaos_v1:corpse_maggot":1,"minecraft:crafting_table":6,"minecraft:chicken":1,"minecraft:andesite":47,"luminousworld:ishstone":3,"earthmobsmod:fancy_egg":2,"minecraft:oak_log":16,"tombstone:grave_key":1,"supplementaries:flax_seeds":1,"minecraft:string":1,"minecraft:lapis_lazuli":4,"minecraft:dirt":13,"minecraft:raw_copper":68,"minecraft:cooked_salmon":1,"minecraft:bone":8,"minecraft:cracked_stone_bricks":1,"minecraft:wheat_seeds":6,"minecraft:raw_gold":8,"earthmobsmod:fancy_feather":2,"minecraft:oak_planks":6,"minecraft:furnace":7,"minecraft:raw_iron":38,"minecraft:copper_ingot":7,"minecraft:torch":14,"minecraft:dandelion":30,"minecraft:gravel":1,"quark:blossom_log":7,"minecraft:cyan_bed":1,"minecraft:stone_sword":1,"alexsmobs:raw_catfish":3,"minecraft:arrow":3,"minecraft:rotten_flesh":2,"minecraft:stone_axe":2,"minecraft:gray_wool":1,"minecraft:bread":13,"supplementaries:ash":2,"minecraft:mutton":5,"minecraft:coal":214,"iceandfire:raw_silver":6,"minecraft:white_wool":3,"minecraft:cobblestone":146},"minecraft:dropped":{"minecraft:gravel":1,"minecraft:stone_axe":2,"minecraft:wheat_seeds":8,"minecraft:cooked_chicken":1,"minecraft:stone_sword":1,"luminousworld:ishstone":1,"minecraft:raw_iron":6,"earthmobsmod:fancy_egg":1,"minecraft:oak_planks":1,"minecraft:chest_minecart":1,"minecraft:cracked_stone_bricks":1,"minecraft:dirt":2,"minecraft:andesite":47,"earthmobsmod:fancy_feather":2,"minecraft:wooden_pickaxe":1}},"DataVersion":3465}