{"stats":{"minecraft:killed_by":{"born_in_chaos_v1:corpse_fly":1,"born_in_chaos_v1:firelight_not_despawn":1},"minecraft:crafted":{"minecraft:oak_planks":24,"minecraft:cooked_chicken":1,"minecraft:furnace":2,"iceandfire:armor_copper_metal_leggings":1,"minecraft:cooked_mutton":5,"minecraft:iron_boots":1,"sophisticatedbackpacks:copper_backpack":1,"iceandfire:armor_silver_metal_leggings":1,"minecraft:stone_pickaxe":2,"alexsmobs:cooked_catfish":3,"minecraft:cooked_cod":2,"minecraft:emerald":2,"sophisticatedbackpacks:backpack":1,"iceandfire:silver_ingot":11,"minecraft:crafting_table":1,"minecraft:wooden_pickaxe":1,"minecraft:iron_helmet":1,"minecraft:cooked_salmon":11,"minecraft:copper_ingot":9,"minecraft:stone_axe":1,"minecraft:air":0,"minecraft:stick":24,"quark:oak_chest":1,"minecraft:iron_ingot":24,"minecraft:iron_pickaxe":3,"minecraft:stone_sword":1,"minecraft:torch":92,"iceandfire:silver_sword":1},"minecraft:custom":{"minecraft:mob_kills":39,"minecraft:animals_bred":2,"minecraft:interact_with_crafting_table":23,"minecraft:open_barrel":15,"minecraft:eat_cake_slice":14,"minecraft:leave_game":1,"minecraft:time_since_death":69811,"minecraft:climb_one_cm":1636,"minecraft:sprint_one_cm":238857,"minecraft:walk_one_cm":269253,"minecraft:drop":74,"minecraft:talked_to_villager":5,"minecraft:play_time":115032,"minecraft:deaths":2,"minecraft:sneak_time":1923,"minecraft:walk_under_water_one_cm":14490,"minecraft:jump":1388,"minecraft:walk_on_water_one_cm":36462,"minecraft:total_world_time":115032,"minecraft:interact_with_furnace":48,"minecraft:traded_with_villager":2,"minecraft:interact_with_cartography_table":1,"minecraft:time_since_rest":69007,"minecraft:damage_taken":2343,"minecraft:trigger_trapped_chest":1,"minecraft:damage_dealt":6768,"minecraft:swim_one_cm":15933,"minecraft:fly_one_cm":231206,"minecraft:open_chest":13,"minecraft:crouch_one_cm":5781,"tombstone:undead_killed":8,"minecraft:interact_with_smoker":3,"minecraft:fall_one_cm":33837},"minecraft:used":{"minecraft:stone_sword":18,"iceandfire:silver_sword":115,"sophisticatedbackpacks:copper_backpack":1,"earthmobsmod:fancy_egg":1,"minecraft:cooked_salmon":3,"minecraft:rotten_flesh":2,"minecraft:torch":123,"minecraft:dirt":11,"born_in_chaos_v1:corpse_maggot":3,"minecraft:furnace":8,"minecraft:cooked_cod":2,"tombstone:gift":2,"minecraft:cobbled_deepslate":6,"minecraft:cooked_mutton":4,"minecraft:water_bucket":5,"alexsmobs:cooked_catfish":3,"minecraft:bundle":1,"minecraft:stone_pickaxe":268,"minecraft:oak_planks":1,"minecraft:wooden_pickaxe":17,"luminousworld:ishstone":2,"minecraft:crafting_table":8,"minecraft:mushroom_stew":2,"minecraft:cake":4,"minecraft:bread":13,"minecraft:iron_pickaxe":234,"minecraft:stone_axe":77,"born_in_chaos_v1:rotten_fish":1,"minecraft:cobblestone":37,"minecraft:bucket":5,"alexsmobs:animal_dictionary":2,"minecraft:dandelion":4,"minecraft:gray_wool":1},"minecraft:mined":{"quark:red_corundum":3,"iceandfire:silver_ore":19,"born_in_chaos_v1:infected_diamond_ore":6,"minecraft:granite":2,"minecraft:grass_block":8,"luminousworld:grassvariant_2":4,"minecraft:redstone_ore":1,"minecraft:furnace":9,"minecraft:iron_ore":78,"minecraft:andesite":31,"minecraft:deepslate_iron_ore":3,"minecraft:stone":199,"minecraft:cake":1,"sophisticatedbackpacks:copper_backpack":1,"quark:red_corundum_cluster":6,"minecraft:deepslate_redstone_ore":4,"minecraft:dandelion":31,"minecraft:crafting_table":8,"minecraft:torch":12,"minecraft:calcite":1,"quark:blossom_log":7,"minecraft:campfire":1,"minecraft:copper_ore":12,"minecraft:cobblestone":3,"minecraft:deepslate_gold_ore":1,"minecraft:lapis_ore":8,"minecraft:cyan_bed":1,"minecraft:oak_planks":5,"minecraft:wall_torch":11,"supplementaries:urn":25,"minecraft:grass":8,"minecraft:oak_log":18,"minecraft:coal_ore":76,"luminousworld:ishstone":4,"minecraft:gravel":1,"minecraft:dirt":10,"minecraft:smooth_basalt":1,"luminousworld:grassvariant_3":1,"minecraft:cobweb":6,"minecraft:cracked_stone_bricks":1,"minecraft:gold_ore":8,"minecraft:oak_leaves":2,"minecraft:deepslate":10},"minecraft:broken":{"minecraft:stone_pickaxe":2},"minecraft:killed":{"minecraft:spider":1,"enemyexpansion:direwolf":1,"minecraft:skeleton":4,"earthmobsmod:fancy_chicken":1,"born_in_chaos_v1:corpse_fish":1,"artifacts:mimic":1,"born_in_chaos_v1:diamond_termite":11,"enemyexpansion:sprinter":1,"minecraft:creeper":1,"minecraft:sheep":4,"alexsmobs:catfish":2,"born_in_chaos_v1:bloody_gadfly":1,"minecraft:zombie":3,"born_in_chaos_v1:corpse_fly":3},"minecraft:picked_up":{"minecraft:charcoal":2,"born_in_chaos_v1:diamond_termite_shard":10,"minecraft:crafting_table":8,"minecraft:chicken":1,"aether:iron_gloves":3,"earthmobsmod:fancy_egg":2,"minecraft:enchanted_book":1,"tombstone:grave_key":1,"minecraft:string":9,"minecraft:raw_copper":68,"minecraft:cooked_salmon":1,"minecraft:cracked_stone_bricks":1,"minecraft:gold_nugget":31,"minecraft:cobbled_deepslate":9,"minecraft:bucket":1,"minecraft:iron_pickaxe":3,"minecraft:furnace":13,"minecraft:stick":7,"minecraft:raw_iron":88,"iceandfire:armor_copper_metal_leggings":1,"minecraft:copper_ingot":7,"minecraft:oak_fence":1,"minecraft:torch":64,"quark:blossom_log":7,"born_in_chaos_v1:pieceofdarkmetal":2,"minecraft:redstone":16,"minecraft:stone_sword":1,"minecraft:arrow":5,"minecraft:rotten_flesh":19,"supplementaries:antique_ink":3,"sophisticatedbackpacks:copper_backpack":1,"supplementaries:ash":31,"minecraft:mutton":5,"minecraft:white_wool":3,"minecraft:rail":26,"minecraft:cobblestone":202,"born_in_chaos_v1:corpse_maggot":5,"minecraft:andesite":54,"luminousworld:ishstone":3,"minecraft:oak_log":16,"supplementaries:flax_seeds":6,"minecraft:gunpowder":9,"minecraft:paper":3,"minecraft:lapis_lazuli":22,"minecraft:dirt":14,"minecraft:cooked_mutton":2,"minecraft:bone":36,"minecraft:stone_bricks":2,"minecraft:bow":1,"minecraft:wheat_seeds":6,"minecraft:raw_gold":16,"earthmobsmod:fancy_feather":2,"minecraft:mossy_stone_bricks":4,"minecraft:oak_planks":14,"minecraft:oak_slab":2,"artifacts:obsidian_skull":1,"minecraft:smooth_basalt":1,"quark:red_corundum_cluster":7,"minecraft:dandelion":30,"minecraft:gravel":26,"quark:red_corundum":2,"minecraft:cyan_bed":1,"minecraft:barrel":1,"minecraft:trapped_chest":1,"minecraft:spider_eye":4,"minecraft:bundle":1,"artifacts:plastic_drinking_hat":1,"alexsmobs:raw_catfish":3,"minecraft:diamond":4,"minecraft:stone_axe":3,"iceandfire:silver_sword":3,"minecraft:iron_helmet":2,"minecraft:granite":2,"minecraft:gray_wool":1,"minecraft:bread":13,"born_in_chaos_v1:rotten_fish":1,"minecraft:coal":242,"iceandfire:raw_silver":19},"minecraft:dropped":{"minecraft:oak_slab":2,"minecraft:wheat_seeds":8,"minecraft:lapis_lazuli":4,"luminousworld:ishstone":1,"minecraft:oak_fence":1,"minecraft:chest_minecart":1,"minecraft:granite":2,"minecraft:cracked_stone_bricks":1,"minecraft:rail":49,"minecraft:flint":6,"minecraft:dirt":2,"iceandfire:silver_sword":2,"minecraft:iron_pickaxe":3,"minecraft:string":1,"minecraft:bucket":1,"minecraft:gravel":26,"minecraft:furnace":3,"minecraft:stone_axe":3,"minecraft:cooked_chicken":1,"minecraft:cobbled_deepslate":1,"minecraft:stone_sword":1,"minecraft:bowl":2,"minecraft:raw_iron":7,"earthmobsmod:fancy_egg":1,"minecraft:rotten_flesh":13,"minecraft:oak_planks":2,"minecraft:cooked_mutton":2,"supplementaries:flax_seeds":5,"supplementaries:ash":5,"minecraft:gunpowder":9,"aether:iron_gloves":2,"minecraft:andesite":47,"minecraft:beetroot_seeds":2,"minecraft:melon_seeds":4,"minecraft:mossy_stone_bricks":4,"earthmobsmod:fancy_feather":2,"minecraft:barrel":1,"minecraft:stone_bricks":2,"minecraft:wooden_pickaxe":1,"iceandfire:armor_copper_metal_leggings":2}},"DataVersion":3465}