{"stats":{"minecraft:killed_by":{"born_in_chaos_v1:corpse_fly":1,"born_in_chaos_v1:firelight_not_despawn":1},"minecraft:crafted":{"minecraft:cooked_cod":2,"minecraft:oak_planks":16,"minecraft:emerald":2,"minecraft:crafting_table":1,"minecraft:wooden_pickaxe":1,"minecraft:cooked_chicken":1,"minecraft:furnace":2,"minecraft:stone_axe":1,"minecraft:cooked_mutton":5,"minecraft:air":0,"minecraft:stick":16,"minecraft:iron_ingot":6,"minecraft:iron_pickaxe":1,"minecraft:stone_pickaxe":2,"minecraft:stone_sword":1,"alexsmobs:cooked_catfish":3,"minecraft:torch":20},"minecraft:used":{"alexsmobs:cooked_catfish":3,"minecraft:water_bucket":2,"minecraft:stone_sword":5,"minecraft:stone_pickaxe":245,"minecraft:oak_planks":1,"minecraft:wooden_pickaxe":17,"luminousworld:ishstone":1,"earthmobsmod:fancy_egg":1,"minecraft:rotten_flesh":2,"minecraft:torch":22,"minecraft:dirt":11,"minecraft:crafting_table":5,"minecraft:bread":13,"minecraft:stone_axe":58,"minecraft:cobblestone":7,"minecraft:furnace":5,"minecraft:bucket":2,"tombstone:gift":2,"alexsmobs:animal_dictionary":1,"minecraft:gray_wool":1,"minecraft:dandelion":4},"minecraft:custom":{"minecraft:interact_with_furnace":19,"minecraft:mob_kills":10,"minecraft:animals_bred":2,"minecraft:traded_with_villager":2,"minecraft:interact_with_crafting_table":10,"minecraft:time_since_death":17478,"minecraft:time_since_rest":16674,"minecraft:sprint_one_cm":123185,"minecraft:damage_taken":1370,"minecraft:walk_one_cm":120706,"minecraft:drop":5,"minecraft:damage_dealt":1626,"minecraft:swim_one_cm":13851,"minecraft:talked_to_villager":5,"minecraft:fly_one_cm":176601,"minecraft:open_chest":4,"minecraft:crouch_one_cm":2071,"minecraft:play_time":62699,"tombstone:undead_killed":2,"minecraft:deaths":2,"minecraft:sneak_time":898,"minecraft:walk_under_water_one_cm":7508,"minecraft:jump":823,"minecraft:walk_on_water_one_cm":15410,"minecraft:total_world_time":62699,"minecraft:fall_one_cm":26142},"minecraft:mined":{"minecraft:dandelion":31,"minecraft:crafting_table":5,"minecraft:torch":2,"minecraft:grass_block":8,"quark:blossom_log":7,"luminousworld:grassvariant_2":4,"minecraft:copper_ore":12,"minecraft:lapis_ore":4,"minecraft:wall_torch":4,"minecraft:furnace":5,"minecraft:iron_ore":6,"minecraft:andesite":23,"minecraft:grass":8,"luminousworld:ishstone":3,"minecraft:coal_ore":72,"minecraft:oak_log":18,"minecraft:gravel":1,"minecraft:dirt":9,"luminousworld:grassvariant_3":1,"minecraft:stone":131,"minecraft:oak_leaves":2},"minecraft:killed":{"minecraft:sheep":4,"minecraft:skeleton":2,"alexsmobs:catfish":1,"born_in_chaos_v1:corpse_fly":2,"earthmobsmod:fancy_chicken":1},"minecraft:broken":{"minecraft:stone_pickaxe":1},"minecraft:picked_up":{"born_in_chaos_v1:corpse_maggot":1,"minecraft:crafting_table":5,"minecraft:chicken":1,"minecraft:andesite":23,"luminousworld:ishstone":2,"earthmobsmod:fancy_egg":2,"minecraft:oak_log":16,"tombstone:grave_key":1,"minecraft:lapis_lazuli":4,"minecraft:dirt":13,"minecraft:raw_copper":42,"minecraft:cooked_salmon":1,"minecraft:bone":3,"minecraft:wheat_seeds":2,"earthmobsmod:fancy_feather":2,"minecraft:furnace":5,"minecraft:raw_iron":6,"minecraft:torch":7,"minecraft:dandelion":30,"minecraft:gravel":1,"quark:blossom_log":7,"alexsmobs:raw_catfish":3,"minecraft:arrow":1,"minecraft:rotten_flesh":2,"minecraft:stone_axe":2,"minecraft:gray_wool":1,"minecraft:bread":13,"minecraft:mutton":5,"minecraft:coal":157,"minecraft:white_wool":3,"minecraft:cobblestone":127},"minecraft:dropped":{"minecraft:gravel":1,"minecraft:stone_axe":2,"minecraft:cooked_chicken":1,"minecraft:dirt":1}},"DataVersion":3465}