{"stats":{"minecraft:broken":{"minecraft:stone_pickaxe":2,"minecraft:iron_pickaxe":1},"minecraft:picked_up":{"minecraft:charcoal":2,"minecraft:crafting_table":9,"born_in_chaos_v1:diamond_termite_shard":11,"minecraft:azure_bluet":2,"minecraft:chicken":1,"aether:iron_gloves":3,"earthmobsmod:fancy_egg":2,"minecraft:enchanted_book":1,"tombstone:grave_key":1,"minecraft:string":10,"minecraft:raw_copper":68,"minecraft:cooked_salmon":1,"minecraft:cracked_stone_bricks":1,"minecraft:gold_nugget":31,"minecraft:cobbled_deepslate":13,"minecraft:bucket":1,"minecraft:iron_pickaxe":3,"minecraft:furnace":13,"minecraft:stick":7,"minecraft:raw_iron":114,"minecraft:oak_door":1,"minecraft:copper_ingot":7,"iceandfire:armor_copper_metal_leggings":1,"minecraft:oak_fence":1,"minecraft:torch":69,"quark:blossom_log":7,"born_in_chaos_v1:pieceofdarkmetal":2,"minecraft:redstone":26,"luminousworld:grassflowers":4,"minecraft:stone_sword":1,"minecraft:arrow":8,"minecraft:rotten_flesh":19,"supplementaries:antique_ink":3,"alexscaves:spelunkery_table":1,"sophisticatedbackpacks:copper_backpack":1,"supplementaries:ash":31,"minecraft:mutton":5,"minecraft:rail":26,"minecraft:white_wool":3,"minecraft:cobblestone":241,"minecraft:oxeye_daisy":2,"born_in_chaos_v1:corpse_maggot":5,"minecraft:andesite":59,"luminousworld:ishstone":3,"minecraft:oak_log":16,"supplementaries:flax_seeds":8,"minecraft:gunpowder":9,"minecraft:paper":3,"minecraft:lapis_lazuli":65,"minecraft:dirt":136,"minecraft:cooked_mutton":2,"minecraft:bone":37,"minecraft:stone_bricks":2,"minecraft:bow":1,"minecraft:wheat_seeds":6,"minecraft:raw_gold":17,"earthmobsmod:fancy_feather":2,"minecraft:mossy_stone_bricks":4,"minecraft:oak_planks":14,"minecraft:oak_slab":2,"artifacts:obsidian_skull":1,"minecraft:smooth_basalt":1,"quark:red_corundum_cluster":7,"minecraft:dandelion":32,"minecraft:gravel":26,"minecraft:cyan_bed":1,"minecraft:trapped_chest":2,"quark:red_corundum":2,"minecraft:spider_eye":4,"minecraft:barrel":1,"artifacts:plastic_drinking_hat":1,"minecraft:bundle":1,"alexsmobs:raw_catfish":3,"minecraft:diamond":4,"minecraft:stone_axe":3,"iceandfire:silver_sword":4,"minecraft:iron_helmet":2,"minecraft:granite":2,"minecraft:gray_wool":1,"minecraft:bread":13,"born_in_chaos_v1:rotten_fish":1,"minecraft:coal":242,"iceandfire:raw_silver":19},"minecraft:used":{"minecraft:stone_sword":18,"iceandfire:silver_sword":127,"minecraft:stone_shovel":56,"sophisticatedbackpacks:copper_backpack":1,"earthmobsmod:fancy_egg":1,"minecraft:cooked_salmon":8,"minecraft:rotten_flesh":2,"minecraft:oak_door":4,"minecraft:torch":171,"minecraft:dirt":112,"born_in_chaos_v1:corpse_maggot":5,"minecraft:furnace":12,"minecraft:cooked_cod":2,"tombstone:gift":2,"minecraft:trapped_chest":2,"minecraft:cobbled_deepslate":6,"minecraft:cooked_mutton":4,"alexsmobs:cooked_catfish":3,"minecraft:water_bucket":7,"minecraft:bundle":1,"minecraft:oak_planks":1,"minecraft:stone_pickaxe":268,"minecraft:wooden_pickaxe":17,"luminousworld:ishstone":2,"minecraft:crafting_table":10,"minecraft:mushroom_stew":2,"minecraft:cake":4,"minecraft:bread":13,"minecraft:cyan_bed":1,"minecraft:iron_pickaxe":326,"minecraft:stone_axe":78,"minecraft:cobblestone":114,"born_in_chaos_v1:rotten_fish":1,"minecraft:bucket":7,"alexsmobs:animal_dictionary":2,"minecraft:dandelion":4,"minecraft:gray_wool":1},"minecraft:mined":{"quark:red_corundum":3,"alexscaves:spelunkery_table":1,"iceandfire:silver_ore":19,"minecraft:oak_door":1,"born_in_chaos_v1:infected_diamond_ore":7,"minecraft:granite":2,"minecraft:grass_block":98,"luminousworld:grassvariant_2":5,"minecraft:oxeye_daisy":2,"minecraft:redstone_ore":1,"minecraft:furnace":9,"minecraft:iron_ore":83,"minecraft:andesite":36,"minecraft:deepslate_lapis_ore":7,"minecraft:dirt_path":1,"minecraft:deepslate_iron_ore":25,"minecraft:stone":233,"minecraft:cake":1,"sophisticatedbackpacks:copper_backpack":1,"quark:red_corundum_cluster":6,"minecraft:deepslate_redstone_ore":6,"minecraft:dandelion":32,"minecraft:crafting_table":9,"minecraft:torch":14,"minecraft:calcite":1,"minecraft:campfire":1,"quark:blossom_log":7,"luminousworld:grassflowers":2,"minecraft:copper_ore":12,"minecraft:cobblestone":7,"minecraft:lapis_ore":8,"minecraft:cyan_bed":1,"minecraft:deepslate_gold_ore":2,"minecraft:oak_planks":5,"minecraft:wall_torch":14,"supplementaries:urn":26,"minecraft:trapped_chest":1,"minecraft:grass":19,"minecraft:oak_log":18,"minecraft:coal_ore":76,"luminousworld:ishstone":4,"quark:monster_box":1,"minecraft:gravel":1,"minecraft:dirt":40,"luminousworld:grassvariant_3":2,"minecraft:cobweb":7,"minecraft:smooth_basalt":1,"minecraft:cracked_stone_bricks":1,"minecraft:gold_ore":8,"minecraft:oak_leaves":2,"minecraft:deepslate":14},"minecraft:custom":{"minecraft:mob_kills":43,"minecraft:animals_bred":2,"minecraft:interact_with_crafting_table":26,"minecraft:open_barrel":15,"minecraft:eat_cake_slice":14,"minecraft:leave_game":3,"minecraft:time_since_death":351,"minecraft:climb_one_cm":1636,"minecraft:sprint_one_cm":276271,"minecraft:walk_one_cm":355660,"minecraft:drop":78,"minecraft:talked_to_villager":5,"minecraft:play_time":144232,"minecraft:sneak_time":2622,"minecraft:deaths":3,"minecraft:walk_under_water_one_cm":15048,"minecraft:jump":1658,"minecraft:walk_on_water_one_cm":37834,"minecraft:total_world_time":144232,"minecraft:interact_with_furnace":57,"minecraft:traded_with_villager":2,"minecraft:interact_with_cartography_table":1,"minecraft:interact_with_loom":1,"minecraft:sleep_in_bed":2,"minecraft:time_since_rest":1,"minecraft:damage_taken":2848,"minecraft:trigger_trapped_chest":10,"minecraft:damage_dealt":7431,"minecraft:swim_one_cm":15933,"minecraft:fly_one_cm":279245,"minecraft:open_chest":13,"minecraft:crouch_one_cm":10181,"tombstone:undead_killed":8,"minecraft:interact_with_smoker":3,"minecraft:fall_one_cm":41572},"minecraft:dropped":{"minecraft:oak_slab":2,"minecraft:wheat_seeds":8,"minecraft:lapis_lazuli":4,"luminousworld:ishstone":1,"minecraft:oak_fence":1,"minecraft:chest_minecart":1,"minecraft:granite":2,"minecraft:cracked_stone_bricks":1,"minecraft:rail":49,"minecraft:flint":6,"minecraft:oxeye_daisy":2,"minecraft:dirt":7,"iceandfire:silver_sword":2,"minecraft:iron_pickaxe":3,"minecraft:string":1,"minecraft:bucket":1,"minecraft:gravel":26,"minecraft:furnace":3,"minecraft:stone_axe":3,"minecraft:cooked_chicken":1,"minecraft:stone_sword":1,"minecraft:cobbled_deepslate":1,"minecraft:bowl":2,"minecraft:raw_iron":7,"earthmobsmod:fancy_egg":1,"minecraft:rotten_flesh":13,"minecraft:oak_planks":2,"minecraft:cooked_mutton":2,"minecraft:azure_bluet":1,"supplementaries:flax_seeds":5,"luminousworld:grassflowers":2,"supplementaries:ash":5,"minecraft:gunpowder":9,"aether:iron_gloves":2,"minecraft:andesite":47,"minecraft:beetroot_seeds":2,"minecraft:melon_seeds":4,"minecraft:mossy_stone_bricks":4,"earthmobsmod:fancy_feather":2,"minecraft:barrel":1,"minecraft:stone_bricks":2,"minecraft:wooden_pickaxe":1,"iceandfire:armor_copper_metal_leggings":2},"minecraft:crafted":{"minecraft:oak_door":3,"minecraft:oak_planks":28,"minecraft:stone_shovel":1,"minecraft:cooked_chicken":1,"minecraft:furnace":2,"iceandfire:armor_copper_metal_leggings":1,"minecraft:cooked_mutton":5,"minecraft:diamond":1,"minecraft:iron_boots":1,"sophisticatedbackpacks:copper_backpack":1,"iceandfire:armor_silver_metal_leggings":1,"minecraft:stone_pickaxe":2,"alexsmobs:cooked_catfish":3,"minecraft:cooked_cod":2,"minecraft:emerald":2,"sophisticatedbackpacks:backpack":1,"iceandfire:silver_ingot":11,"minecraft:crafting_table":1,"minecraft:wooden_pickaxe":1,"minecraft:iron_helmet":1,"minecraft:cooked_salmon":11,"minecraft:copper_ingot":9,"minecraft:stone_axe":1,"minecraft:air":0,"minecraft:stick":28,"quark:oak_chest":1,"minecraft:iron_ingot":24,"minecraft:iron_pickaxe":3,"minecraft:stone_sword":1,"minecraft:torch":92,"iceandfire:silver_sword":1},"minecraft:killed":{"minecraft:spider":1,"enemyexpansion:direwolf":1,"minecraft:skeleton":4,"earthmobsmod:fancy_chicken":1,"born_in_chaos_v1:corpse_fish":1,"artifacts:mimic":1,"born_in_chaos_v1:diamond_termite":12,"enemyexpansion:sprinter":1,"minecraft:creeper":1,"minecraft:sheep":4,"alexsmobs:catfish":2,"born_in_chaos_v1:bloody_gadfly":1,"minecraft:zombie":3,"born_in_chaos_v1:corpse_fly":3},"minecraft:killed_by":{"born_in_chaos_v1:corpse_fly":1,"minecraft:zombie":1,"born_in_chaos_v1:firelight_not_despawn":1}},"DataVersion":3465}