{"stats":{"minecraft:killed_by":{"born_in_chaos_v1:corpse_fly":1},"minecraft:crafted":{"minecraft:oak_planks":16,"minecraft:crafting_table":1,"minecraft:stick":16,"minecraft:cooked_chicken":1,"minecraft:wooden_pickaxe":1,"minecraft:stone_pickaxe":1,"minecraft:furnace":1,"alexsmobs:cooked_catfish":2,"minecraft:torch":20,"minecraft:stone_axe":1,"minecraft:air":0},"minecraft:used":{"alexsmobs:cooked_catfish":1,"minecraft:stone_pickaxe":22,"minecraft:wooden_pickaxe":14,"earthmobsmod:fancy_egg":1,"minecraft:rotten_flesh":2,"minecraft:stone_axe":31,"minecraft:crafting_table":2,"minecraft:furnace":2,"tombstone:gift":2},"minecraft:custom":{"minecraft:time_since_rest":8202,"minecraft:interact_with_furnace":8,"minecraft:sprint_one_cm":37966,"minecraft:damage_taken":335,"minecraft:walk_one_cm":53582,"minecraft:mob_kills":5,"minecraft:drop":1,"minecraft:damage_dealt":730,"minecraft:interact_with_crafting_table":5,"minecraft:fly_one_cm":57736,"minecraft:deaths":1,"minecraft:crouch_one_cm":244,"minecraft:play_time":26699,"tombstone:undead_killed":1,"minecraft:sneak_time":129,"minecraft:walk_under_water_one_cm":725,"minecraft:jump":313,"minecraft:time_since_death":9626,"minecraft:walk_on_water_one_cm":1566,"minecraft:total_world_time":26699,"minecraft:fall_one_cm":7958},"minecraft:mined":{"minecraft:furnace":1,"minecraft:crafting_table":2,"minecraft:grass":4,"minecraft:oak_log":18,"minecraft:grass_block":4,"minecraft:coal_ore":18,"minecraft:gravel":1,"minecraft:dirt":8,"luminousworld:grassvariant_2":1,"minecraft:stone":15,"minecraft:oak_leaves":2},"minecraft:killed":{"minecraft:skeleton":1,"alexsmobs:catfish":1,"born_in_chaos_v1:corpse_fly":2,"earthmobsmod:fancy_chicken":1},"minecraft:picked_up":{"born_in_chaos_v1:corpse_maggot":1,"minecraft:crafting_table":2,"minecraft:chicken":1,"earthmobsmod:fancy_egg":1,"minecraft:gravel":1,"minecraft:oak_log":16,"minecraft:dirt":11,"alexsmobs:raw_catfish":3,"minecraft:bone":2,"minecraft:arrow":1,"minecraft:rotten_flesh":2,"minecraft:wheat_seeds":1,"earthmobsmod:fancy_feather":2,"minecraft:coal":30,"minecraft:cobblestone":15,"minecraft:furnace":1},"minecraft:dropped":{"minecraft:cooked_chicken":1}},"DataVersion":3465}