{"stats":{"minecraft:killed_by":{"born_in_chaos_v1:corpse_fly":1},"minecraft:crafted":{"minecraft:oak_planks":16,"minecraft:emerald":2,"minecraft:crafting_table":1,"minecraft:wooden_pickaxe":1,"minecraft:cooked_chicken":1,"minecraft:furnace":1,"minecraft:stone_axe":1,"minecraft:air":0,"minecraft:stick":16,"minecraft:stone_pickaxe":1,"alexsmobs:cooked_catfish":3,"minecraft:torch":20},"minecraft:used":{"alexsmobs:cooked_catfish":3,"minecraft:water_bucket":2,"minecraft:stone_pickaxe":24,"minecraft:wooden_pickaxe":14,"earthmobsmod:fancy_egg":1,"minecraft:rotten_flesh":2,"minecraft:dirt":11,"minecraft:crafting_table":2,"minecraft:bread":1,"minecraft:stone_axe":42,"minecraft:furnace":2,"minecraft:bucket":2,"tombstone:gift":2,"minecraft:dandelion":4},"minecraft:custom":{"minecraft:interact_with_furnace":9,"minecraft:mob_kills":8,"minecraft:animals_bred":2,"minecraft:traded_with_villager":2,"minecraft:interact_with_crafting_table":6,"minecraft:time_since_death":21626,"minecraft:time_since_rest":20202,"minecraft:sprint_one_cm":78695,"minecraft:damage_taken":525,"minecraft:walk_one_cm":80583,"minecraft:drop":2,"minecraft:damage_dealt":980,"minecraft:swim_one_cm":13851,"minecraft:talked_to_villager":5,"minecraft:fly_one_cm":110096,"minecraft:open_chest":4,"minecraft:crouch_one_cm":1310,"minecraft:play_time":38699,"tombstone:undead_killed":1,"minecraft:deaths":1,"minecraft:sneak_time":569,"minecraft:walk_under_water_one_cm":2587,"minecraft:jump":526,"minecraft:walk_on_water_one_cm":5194,"minecraft:total_world_time":38699,"minecraft:fall_one_cm":16339},"minecraft:mined":{"minecraft:dandelion":31,"minecraft:crafting_table":2,"minecraft:grass_block":7,"quark:blossom_log":7,"luminousworld:grassvariant_2":3,"minecraft:furnace":2,"minecraft:iron_ore":1,"minecraft:grass":8,"minecraft:coal_ore":18,"minecraft:oak_log":18,"minecraft:gravel":1,"minecraft:dirt":8,"minecraft:stone":15,"minecraft:oak_leaves":2},"minecraft:killed":{"minecraft:sheep":3,"minecraft:skeleton":1,"alexsmobs:catfish":1,"born_in_chaos_v1:corpse_fly":2,"earthmobsmod:fancy_chicken":1},"minecraft:picked_up":{"born_in_chaos_v1:corpse_maggot":1,"minecraft:crafting_table":2,"minecraft:chicken":1,"earthmobsmod:fancy_egg":1,"minecraft:oak_log":16,"minecraft:dirt":11,"minecraft:bone":2,"minecraft:wheat_seeds":2,"earthmobsmod:fancy_feather":2,"minecraft:furnace":2,"minecraft:raw_iron":1,"minecraft:dandelion":30,"minecraft:gravel":1,"quark:blossom_log":7,"alexsmobs:raw_catfish":3,"minecraft:arrow":1,"minecraft:rotten_flesh":2,"minecraft:stone_axe":1,"minecraft:gray_wool":1,"minecraft:bread":13,"minecraft:mutton":4,"minecraft:coal":41,"minecraft:white_wool":2,"minecraft:cobblestone":15},"minecraft:dropped":{"minecraft:stone_axe":1,"minecraft:cooked_chicken":1}},"DataVersion":3465}