{"stats":{"minecraft:crafted":{"minecraft:oak_planks":16,"minecraft:torch":20,"minecraft:stone_axe":1,"minecraft:crafting_table":1,"minecraft:stick":16,"minecraft:wooden_pickaxe":1,"minecraft:stone_pickaxe":1},"minecraft:used":{"minecraft:stone_axe":18,"minecraft:crafting_table":1,"minecraft:stone_pickaxe":20,"minecraft:wooden_pickaxe":14},"minecraft:custom":{"tombstone:undead_killed":1,"minecraft:time_since_rest":14699,"minecraft:crouch_one_cm":92,"minecraft:play_time":14699,"minecraft:sprint_one_cm":23856,"minecraft:damage_taken":205,"minecraft:walk_one_cm":23010,"minecraft:sneak_time":33,"minecraft:mob_kills":1,"minecraft:jump":174,"minecraft:damage_dealt":200,"minecraft:time_since_death":14699,"minecraft:total_world_time":14699,"minecraft:interact_with_crafting_table":3,"minecraft:fall_one_cm":5541,"minecraft:fly_one_cm":30311},"minecraft:mined":{"minecraft:coal_ore":18,"minecraft:grass":3,"minecraft:grass_block":1,"minecraft:oak_log":18,"minecraft:gravel":1,"luminousworld:grassvariant_2":1,"minecraft:stone":14,"minecraft:oak_leaves":2,"minecraft:crafting_table":1},"minecraft:killed":{"minecraft:skeleton":1},"minecraft:picked_up":{"minecraft:crafting_table":1,"minecraft:arrow":1,"minecraft:wheat_seeds":1,"minecraft:gravel":1,"minecraft:oak_log":16,"minecraft:coal":18,"minecraft:cobblestone":14,"minecraft:bone":2}},"DataVersion":3465}